Date,Ticker,Cloture
03/01/2022,CIEI,2465.5
03/01/2022,ORAC,3828.8
03/01/2022,SCCS,5140.5
03/01/2022,SDCI,5970.8
03/01/2022,SLBA,2881.2
03/01/2022,TTLS,2510.7
04/01/2022,CIEI,2462.7
04/01/2022,ORAC,3857.1
04/01/2022,SCCS,5233.2
04/01/2022,SDCI,6001.7
04/01/2022,SLBA,2904.5
04/01/2022,TTLS,2525.4
05/01/2022,CIEI,2487.1
05/01/2022,ORAC,3923.6
05/01/2022,SCCS,5128.6
05/01/2022,SDCI,5971.9
05/01/2022,SLBA,2885.4
05/01/2022,TTLS,2505.0
06/01/2022,CIEI,2438.5
06/01/2022,ORAC,3896.7
06/01/2022,SCCS,5043.6
06/01/2022,SDCI,6012.9
06/01/2022,SLBA,2841.2
06/01/2022,TTLS,2524.1
07/01/2022,CIEI,2399.0
07/01/2022,ORAC,3819.0
07/01/2022,SCCS,5124.4
07/01/2022,SDCI,6037.0
07/01/2022,SLBA,2797.6
07/01/2022,TTLS,2521.3
10/01/2022,CIEI,2278.7
10/01/2022,ORAC,3820.1
10/01/2022,SCCS,5089.6
10/01/2022,SDCI,6036.5
10/01/2022,SLBA,2769.7
10/01/2022,TTLS,2467.0
11/01/2022,CIEI,2312.5
11/01/2022,ORAC,3854.4
11/01/2022,SCCS,5174.4
11/01/2022,SDCI,5917.5
11/01/2022,SLBA,2770.5
11/01/2022,TTLS,2418.1
12/01/2022,CIEI,2327.3
12/01/2022,ORAC,3927.3
12/01/2022,SCCS,5212.3
12/01/2022,SDCI,5928.6
12/01/2022,SLBA,2747.3
12/01/2022,TTLS,2320.7
13/01/2022,CIEI,2284.8
13/01/2022,ORAC,3856.1
13/01/2022,SCCS,5351.1
13/01/2022,SDCI,5971.5
13/01/2022,SLBA,2748.2
13/01/2022,TTLS,2342.5
14/01/2022,CIEI,2312.9
14/01/2022,ORAC,3781.5
14/01/2022,SCCS,5468.4
14/01/2022,SDCI,5971.4
14/01/2022,SLBA,2848.1
14/01/2022,TTLS,2353.4
17/01/2022,CIEI,2332.9
17/01/2022,ORAC,3829.3
17/01/2022,SCCS,5509.1
17/01/2022,SDCI,5860.9
17/01/2022,SLBA,2914.0
17/01/2022,TTLS,2403.3
18/01/2022,CIEI,2435.7
18/01/2022,ORAC,3863.5
18/01/2022,SCCS,5469.6
18/01/2022,SDCI,5896.3
18/01/2022,SLBA,2874.9
18/01/2022,TTLS,2418.2
19/01/2022,CIEI,2443.6
19/01/2022,ORAC,3963.4
19/01/2022,SCCS,5510.8
19/01/2022,SDCI,5950.5
19/01/2022,SLBA,2888.0
19/01/2022,TTLS,2452.2
20/01/2022,CIEI,2476.6
20/01/2022,ORAC,4031.0
20/01/2022,SCCS,5606.2
20/01/2022,SDCI,5966.7
20/01/2022,SLBA,2891.5
20/01/2022,TTLS,2396.7
21/01/2022,CIEI,2498.8
21/01/2022,ORAC,4029.9
21/01/2022,SCCS,5617.8
21/01/2022,SDCI,6000.6
21/01/2022,SLBA,2886.5
21/01/2022,TTLS,2319.7
24/01/2022,CIEI,2527.1
24/01/2022,ORAC,4017.6
24/01/2022,SCCS,5424.4
24/01/2022,SDCI,5978.5
24/01/2022,SLBA,2925.9
24/01/2022,TTLS,2299.4
25/01/2022,CIEI,2525.2
25/01/2022,ORAC,4188.2
25/01/2022,SCCS,5401.9
25/01/2022,SDCI,5934.7
25/01/2022,SLBA,2913.5
25/01/2022,TTLS,2289.4
26/01/2022,CIEI,2508.4
26/01/2022,ORAC,4174.4
26/01/2022,SCCS,5380.2
26/01/2022,SDCI,5975.3
26/01/2022,SLBA,2901.4
26/01/2022,TTLS,2307.9
27/01/2022,CIEI,2534.5
27/01/2022,ORAC,4127.6
27/01/2022,SCCS,5378.5
27/01/2022,SDCI,5953.2
27/01/2022,SLBA,2887.5
27/01/2022,TTLS,2305.9
28/01/2022,CIEI,2581.1
28/01/2022,ORAC,4057.9
28/01/2022,SCCS,5358.0
28/01/2022,SDCI,5969.5
28/01/2022,SLBA,2883.9
28/01/2022,TTLS,2302.6
31/01/2022,CIEI,2534.4
31/01/2022,ORAC,4069.5
31/01/2022,SCCS,5433.8
31/01/2022,SDCI,6206.0
31/01/2022,SLBA,2932.4
31/01/2022,TTLS,2307.9
01/02/2022,CIEI,2489.7
01/02/2022,ORAC,4084.4
01/02/2022,SCCS,5353.0
01/02/2022,SDCI,6262.5
01/02/2022,SLBA,2962.2
01/02/2022,TTLS,2322.1
02/02/2022,CIEI,2487.2
02/02/2022,ORAC,4067.3
02/02/2022,SCCS,5383.5
02/02/2022,SDCI,6276.1
02/02/2022,SLBA,2910.8
02/02/2022,TTLS,2334.1
03/02/2022,CIEI,2554.2
03/02/2022,ORAC,4068.7
03/02/2022,SCCS,5256.9
03/02/2022,SDCI,6157.5
03/02/2022,SLBA,2894.3
03/02/2022,TTLS,2351.2
04/02/2022,CIEI,2545.2
04/02/2022,ORAC,4091.9
04/02/2022,SCCS,5121.4
04/02/2022,SDCI,6168.0
04/02/2022,SLBA,2864.5
04/02/2022,TTLS,2333.5
07/02/2022,CIEI,2478.6
07/02/2022,ORAC,4142.7
07/02/2022,SCCS,5061.0
07/02/2022,SDCI,6227.5
07/02/2022,SLBA,2895.1
07/02/2022,TTLS,2333.3
08/02/2022,CIEI,2508.1
08/02/2022,ORAC,4221.0
08/02/2022,SCCS,5017.2
08/02/2022,SDCI,6178.3
08/02/2022,SLBA,2903.8
08/02/2022,TTLS,2275.0
09/02/2022,CIEI,2535.9
09/02/2022,ORAC,4240.8
09/02/2022,SCCS,4965.0
09/02/2022,SDCI,6164.1
09/02/2022,SLBA,2937.6
09/02/2022,TTLS,2232.7
10/02/2022,CIEI,2609.9
10/02/2022,ORAC,4125.0
10/02/2022,SCCS,4924.9
10/02/2022,SDCI,6000.8
10/02/2022,SLBA,2935.5
10/02/2022,TTLS,2225.2
11/02/2022,CIEI,2616.5
11/02/2022,ORAC,4176.8
11/02/2022,SCCS,4963.0
11/02/2022,SDCI,6044.1
11/02/2022,SLBA,2862.9
11/02/2022,TTLS,2245.9
14/02/2022,CIEI,2693.9
14/02/2022,ORAC,4087.5
14/02/2022,SCCS,4999.4
14/02/2022,SDCI,6004.3
14/02/2022,SLBA,2879.9
14/02/2022,TTLS,2218.8
15/02/2022,CIEI,2663.4
15/02/2022,ORAC,4081.8
15/02/2022,SCCS,5006.1
15/02/2022,SDCI,6056.9
15/02/2022,SLBA,2888.6
15/02/2022,TTLS,2165.9
16/02/2022,CIEI,2699.0
16/02/2022,ORAC,3991.0
16/02/2022,SCCS,5019.8
16/02/2022,SDCI,6159.4
16/02/2022,SLBA,2907.9
16/02/2022,TTLS,2206.7
17/02/2022,CIEI,2703.6
17/02/2022,ORAC,3996.4
17/02/2022,SCCS,4979.7
17/02/2022,SDCI,6150.9
17/02/2022,SLBA,2858.9
17/02/2022,TTLS,2176.9
18/02/2022,CIEI,2653.6
18/02/2022,ORAC,3952.0
18/02/2022,SCCS,4922.5
18/02/2022,SDCI,6226.9
18/02/2022,SLBA,2862.2
18/02/2022,TTLS,2112.7
21/02/2022,CIEI,2641.5
21/02/2022,ORAC,3970.8
21/02/2022,SCCS,4840.1
21/02/2022,SDCI,6249.1
21/02/2022,SLBA,2836.8
21/02/2022,TTLS,2079.0
22/02/2022,CIEI,2693.9
22/02/2022,ORAC,4185.8
22/02/2022,SCCS,4817.6
22/02/2022,SDCI,6237.3
22/02/2022,SLBA,2811.7
22/02/2022,TTLS,2037.7
23/02/2022,CIEI,2738.7
23/02/2022,ORAC,4188.1
23/02/2022,SCCS,4753.7
23/02/2022,SDCI,6219.7
23/02/2022,SLBA,2824.8
23/02/2022,TTLS,1952.0
24/02/2022,CIEI,2722.0
24/02/2022,ORAC,4250.2
24/02/2022,SCCS,4736.8
24/02/2022,SDCI,6159.6
24/02/2022,SLBA,2838.0
24/02/2022,TTLS,1941.4
25/02/2022,CIEI,2766.9
25/02/2022,ORAC,4165.9
25/02/2022,SCCS,4779.8
25/02/2022,SDCI,6257.9
25/02/2022,SLBA,2805.3
25/02/2022,TTLS,2003.5
28/02/2022,CIEI,2803.9
28/02/2022,ORAC,4152.2
28/02/2022,SCCS,4813.0
28/02/2022,SDCI,6327.5
28/02/2022,SLBA,2743.1
28/02/2022,TTLS,1979.7
01/03/2022,CIEI,2841.1
01/03/2022,ORAC,4201.8
01/03/2022,SCCS,4891.5
01/03/2022,SDCI,6254.6
01/03/2022,SLBA,2655.1
01/03/2022,TTLS,1953.5
02/03/2022,CIEI,2852.5
02/03/2022,ORAC,4201.2
02/03/2022,SCCS,4838.4
02/03/2022,SDCI,6321.3
02/03/2022,SLBA,2635.4
02/03/2022,TTLS,1996.8
03/03/2022,CIEI,2864.7
03/03/2022,ORAC,4231.7
03/03/2022,SCCS,4712.2
03/03/2022,SDCI,6269.5
03/03/2022,SLBA,2674.1
03/03/2022,TTLS,2003.0
04/03/2022,CIEI,2827.7
04/03/2022,ORAC,4244.3
04/03/2022,SCCS,4650.9
04/03/2022,SDCI,6159.7
04/03/2022,SLBA,2672.4
04/03/2022,TTLS,2002.4
07/03/2022,CIEI,2823.9
07/03/2022,ORAC,4181.7
07/03/2022,SCCS,4764.0
07/03/2022,SDCI,6251.8
07/03/2022,SLBA,2594.4
07/03/2022,TTLS,2054.6
08/03/2022,CIEI,2828.2
08/03/2022,ORAC,4225.0
08/03/2022,SCCS,4805.7
08/03/2022,SDCI,6159.2
08/03/2022,SLBA,2565.5
08/03/2022,TTLS,2014.1
09/03/2022,CIEI,2795.5
09/03/2022,ORAC,4175.7
09/03/2022,SCCS,4781.9
09/03/2022,SDCI,6250.2
09/03/2022,SLBA,2579.7
09/03/2022,TTLS,2015.0
10/03/2022,CIEI,2782.3
10/03/2022,ORAC,4306.4
10/03/2022,SCCS,4859.6
10/03/2022,SDCI,6268.6
10/03/2022,SLBA,2636.0
10/03/2022,TTLS,2036.5
11/03/2022,CIEI,2788.3
11/03/2022,ORAC,4277.3
11/03/2022,SCCS,4837.0
11/03/2022,SDCI,6340.0
11/03/2022,SLBA,2676.3
11/03/2022,TTLS,2047.0
14/03/2022,CIEI,2796.4
14/03/2022,ORAC,4330.0
14/03/2022,SCCS,4935.8
14/03/2022,SDCI,6382.4
14/03/2022,SLBA,2689.2
14/03/2022,TTLS,2007.0
15/03/2022,CIEI,2840.3
15/03/2022,ORAC,4335.9
15/03/2022,SCCS,4913.5
15/03/2022,SDCI,6474.4
15/03/2022,SLBA,2696.3
15/03/2022,TTLS,1976.4
16/03/2022,CIEI,2795.0
16/03/2022,ORAC,4407.8
16/03/2022,SCCS,4891.2
16/03/2022,SDCI,6505.0
16/03/2022,SLBA,2659.4
16/03/2022,TTLS,2042.8
17/03/2022,CIEI,2777.2
17/03/2022,ORAC,4371.2
17/03/2022,SCCS,4933.8
17/03/2022,SDCI,6553.8
17/03/2022,SLBA,2644.0
17/03/2022,TTLS,2042.5
18/03/2022,CIEI,2787.6
18/03/2022,ORAC,4446.9
18/03/2022,SCCS,4867.5
18/03/2022,SDCI,6577.0
18/03/2022,SLBA,2632.8
18/03/2022,TTLS,2036.0
21/03/2022,CIEI,2770.6
21/03/2022,ORAC,4444.0
21/03/2022,SCCS,4859.5
21/03/2022,SDCI,6667.0
21/03/2022,SLBA,2606.5
21/03/2022,TTLS,2078.7
22/03/2022,CIEI,2783.7
22/03/2022,ORAC,4539.8
22/03/2022,SCCS,4974.3
22/03/2022,SDCI,6639.4
22/03/2022,SLBA,2608.8
22/03/2022,TTLS,2014.8
23/03/2022,CIEI,2762.9
23/03/2022,ORAC,4591.2
23/03/2022,SCCS,5002.0
23/03/2022,SDCI,6724.0
23/03/2022,SLBA,2595.7
23/03/2022,TTLS,2015.9
24/03/2022,CIEI,2811.4
24/03/2022,ORAC,4607.7
24/03/2022,SCCS,4937.3
24/03/2022,SDCI,6849.3
24/03/2022,SLBA,2607.3
24/03/2022,TTLS,1955.0
25/03/2022,CIEI,2800.7
25/03/2022,ORAC,4556.3
25/03/2022,SCCS,4924.0
25/03/2022,SDCI,6847.9
25/03/2022,SLBA,2656.1
25/03/2022,TTLS,2007.2
28/03/2022,CIEI,2751.4
28/03/2022,ORAC,4618.4
28/03/2022,SCCS,4923.9
28/03/2022,SDCI,6887.9
28/03/2022,SLBA,2681.9
28/03/2022,TTLS,1974.5
29/03/2022,CIEI,2781.8
29/03/2022,ORAC,4659.2
29/03/2022,SCCS,4880.7
29/03/2022,SDCI,6849.2
29/03/2022,SLBA,2696.7
29/03/2022,TTLS,1981.5
30/03/2022,CIEI,2851.1
30/03/2022,ORAC,4787.8
30/03/2022,SCCS,4906.4
30/03/2022,SDCI,6829.3
30/03/2022,SLBA,2688.5
30/03/2022,TTLS,1951.7
31/03/2022,CIEI,2766.8
31/03/2022,ORAC,4765.3
31/03/2022,SCCS,4981.6
31/03/2022,SDCI,6854.5
31/03/2022,SLBA,2635.5
31/03/2022,TTLS,1959.3
01/04/2022,CIEI,2760.4
01/04/2022,ORAC,4814.0
01/04/2022,SCCS,4986.0
01/04/2022,SDCI,6830.2
01/04/2022,SLBA,2631.8
01/04/2022,TTLS,1973.5
04/04/2022,CIEI,2762.4
04/04/2022,ORAC,4859.5
04/04/2022,SCCS,5040.8
04/04/2022,SDCI,6761.4
04/04/2022,SLBA,2650.7
04/04/2022,TTLS,1977.0
05/04/2022,CIEI,2804.8
05/04/2022,ORAC,4888.0
05/04/2022,SCCS,5060.2
05/04/2022,SDCI,6762.7
05/04/2022,SLBA,2616.1
05/04/2022,TTLS,1968.7
06/04/2022,CIEI,2867.5
06/04/2022,ORAC,4910.9
06/04/2022,SCCS,5070.2
06/04/2022,SDCI,6782.0
06/04/2022,SLBA,2659.0
06/04/2022,TTLS,1980.6
07/04/2022,CIEI,2859.7
07/04/2022,ORAC,4931.7
07/04/2022,SCCS,5026.0
07/04/2022,SDCI,6812.0
07/04/2022,SLBA,2647.6
07/04/2022,TTLS,1975.2
08/04/2022,CIEI,2791.1
08/04/2022,ORAC,4891.1
08/04/2022,SCCS,5085.8
08/04/2022,SDCI,6873.9
08/04/2022,SLBA,2660.6
08/04/2022,TTLS,1960.3
11/04/2022,CIEI,2818.5
11/04/2022,ORAC,4818.2
11/04/2022,SCCS,5170.1
11/04/2022,SDCI,6731.4
11/04/2022,SLBA,2649.5
11/04/2022,TTLS,1985.7
12/04/2022,CIEI,2860.6
12/04/2022,ORAC,4794.1
12/04/2022,SCCS,5143.7
12/04/2022,SDCI,6849.2
12/04/2022,SLBA,2606.4
12/04/2022,TTLS,2019.3
13/04/2022,CIEI,2879.8
13/04/2022,ORAC,4845.8
13/04/2022,SCCS,5091.1
13/04/2022,SDCI,6838.9
13/04/2022,SLBA,2676.7
13/04/2022,TTLS,1973.4
14/04/2022,CIEI,2882.3
14/04/2022,ORAC,4969.5
14/04/2022,SCCS,5124.6
14/04/2022,SDCI,6779.3
14/04/2022,SLBA,2636.5
14/04/2022,TTLS,1940.7
15/04/2022,CIEI,2845.8
15/04/2022,ORAC,5053.8
15/04/2022,SCCS,5132.6
15/04/2022,SDCI,6752.9
15/04/2022,SLBA,2668.2
15/04/2022,TTLS,1916.7
18/04/2022,CIEI,2950.2
18/04/2022,ORAC,5145.7
18/04/2022,SCCS,5203.7
18/04/2022,SDCI,6792.5
18/04/2022,SLBA,2649.1
18/04/2022,TTLS,1929.9
19/04/2022,CIEI,2895.5
19/04/2022,ORAC,5216.6
19/04/2022,SCCS,5236.1
19/04/2022,SDCI,6867.2
19/04/2022,SLBA,2658.9
19/04/2022,TTLS,1884.1
20/04/2022,CIEI,2828.3
20/04/2022,ORAC,5281.9
20/04/2022,SCCS,5229.5
20/04/2022,SDCI,6840.9
20/04/2022,SLBA,2631.3
20/04/2022,TTLS,1939.8
21/04/2022,CIEI,2869.3
21/04/2022,ORAC,5304.4
21/04/2022,SCCS,5144.0
21/04/2022,SDCI,6857.6
21/04/2022,SLBA,2617.3
21/04/2022,TTLS,1944.4
22/04/2022,CIEI,2880.9
22/04/2022,ORAC,5377.0
22/04/2022,SCCS,5183.9
22/04/2022,SDCI,6730.1
22/04/2022,SLBA,2648.8
22/04/2022,TTLS,1953.0
25/04/2022,CIEI,2909.3
25/04/2022,ORAC,5536.8
25/04/2022,SCCS,5191.7
25/04/2022,SDCI,6747.5
25/04/2022,SLBA,2716.0
25/04/2022,TTLS,1986.8
26/04/2022,CIEI,2924.1
26/04/2022,ORAC,5515.1
26/04/2022,SCCS,5114.2
26/04/2022,SDCI,6742.2
26/04/2022,SLBA,2686.3
26/04/2022,TTLS,1963.2
27/04/2022,CIEI,2997.9
27/04/2022,ORAC,5461.3
27/04/2022,SCCS,5024.3
27/04/2022,SDCI,6711.1
27/04/2022,SLBA,2686.9
27/04/2022,TTLS,1979.5
28/04/2022,CIEI,3061.7
28/04/2022,ORAC,5639.9
28/04/2022,SCCS,4915.5
28/04/2022,SDCI,6786.1
28/04/2022,SLBA,2720.2
28/04/2022,TTLS,1997.2
29/04/2022,CIEI,3035.2
29/04/2022,ORAC,5669.5
29/04/2022,SCCS,4953.7
29/04/2022,SDCI,6935.9
29/04/2022,SLBA,2698.1
29/04/2022,TTLS,2046.8
02/05/2022,CIEI,3080.3
02/05/2022,ORAC,5765.1
02/05/2022,SCCS,4929.2
02/05/2022,SDCI,7025.7
02/05/2022,SLBA,2723.2
02/05/2022,TTLS,2011.5
03/05/2022,CIEI,3024.4
03/05/2022,ORAC,5853.4
03/05/2022,SCCS,4733.8
03/05/2022,SDCI,6963.7
03/05/2022,SLBA,2695.6
03/05/2022,TTLS,2064.9
04/05/2022,CIEI,2945.1
04/05/2022,ORAC,5754.9
04/05/2022,SCCS,4685.2
04/05/2022,SDCI,7095.2
04/05/2022,SLBA,2717.0
04/05/2022,TTLS,2090.4
05/05/2022,CIEI,2997.9
05/05/2022,ORAC,5986.7
05/05/2022,SCCS,4650.8
05/05/2022,SDCI,7070.8
05/05/2022,SLBA,2732.7
05/05/2022,TTLS,2103.3
06/05/2022,CIEI,2977.4
06/05/2022,ORAC,6164.8
06/05/2022,SCCS,4645.9
06/05/2022,SDCI,7071.2
06/05/2022,SLBA,2775.9
06/05/2022,TTLS,2147.0
09/05/2022,CIEI,2879.5
09/05/2022,ORAC,6190.4
09/05/2022,SCCS,4649.3
09/05/2022,SDCI,7025.9
09/05/2022,SLBA,2789.3
09/05/2022,TTLS,2140.9
10/05/2022,CIEI,2877.8
10/05/2022,ORAC,6273.2
10/05/2022,SCCS,4631.7
10/05/2022,SDCI,7068.3
10/05/2022,SLBA,2746.2
10/05/2022,TTLS,2137.0
11/05/2022,CIEI,2847.9
11/05/2022,ORAC,6294.4
11/05/2022,SCCS,4674.3
11/05/2022,SDCI,7119.1
11/05/2022,SLBA,2770.2
11/05/2022,TTLS,2172.6
12/05/2022,CIEI,2868.9
12/05/2022,ORAC,6213.7
12/05/2022,SCCS,4733.3
12/05/2022,SDCI,7135.5
12/05/2022,SLBA,2730.7
12/05/2022,TTLS,2162.5
13/05/2022,CIEI,2865.4
13/05/2022,ORAC,6210.9
13/05/2022,SCCS,4721.9
13/05/2022,SDCI,7121.5
13/05/2022,SLBA,2757.6
13/05/2022,TTLS,2208.1
16/05/2022,CIEI,2831.1
16/05/2022,ORAC,6256.4
16/05/2022,SCCS,4812.9
16/05/2022,SDCI,7113.2
16/05/2022,SLBA,2811.9
16/05/2022,TTLS,2266.4
17/05/2022,CIEI,2799.6
17/05/2022,ORAC,6376.4
17/05/2022,SCCS,4807.0
17/05/2022,SDCI,7082.9
17/05/2022,SLBA,2833.9
17/05/2022,TTLS,2279.0
18/05/2022,CIEI,2831.2
18/05/2022,ORAC,6457.3
18/05/2022,SCCS,4758.4
18/05/2022,SDCI,7169.4
18/05/2022,SLBA,2813.8
18/05/2022,TTLS,2290.1
19/05/2022,CIEI,2790.4
19/05/2022,ORAC,6472.1
19/05/2022,SCCS,4768.6
19/05/2022,SDCI,7128.6
19/05/2022,SLBA,2857.6
19/05/2022,TTLS,2267.3
20/05/2022,CIEI,2795.0
20/05/2022,ORAC,6621.0
20/05/2022,SCCS,4687.9
20/05/2022,SDCI,7119.9
20/05/2022,SLBA,2864.1
20/05/2022,TTLS,2233.7
23/05/2022,CIEI,2752.2
23/05/2022,ORAC,6549.3
23/05/2022,SCCS,4672.3
23/05/2022,SDCI,7106.0
23/05/2022,SLBA,2817.9
23/05/2022,TTLS,2295.2
24/05/2022,CIEI,2770.2
24/05/2022,ORAC,6641.1
24/05/2022,SCCS,4614.2
24/05/2022,SDCI,7046.2
24/05/2022,SLBA,2805.2
24/05/2022,TTLS,2256.5
25/05/2022,CIEI,2844.2
25/05/2022,ORAC,6768.2
25/05/2022,SCCS,4591.6
25/05/2022,SDCI,7030.9
25/05/2022,SLBA,2857.1
25/05/2022,TTLS,2263.8
26/05/2022,CIEI,2867.9
26/05/2022,ORAC,6745.6
26/05/2022,SCCS,4603.8
26/05/2022,SDCI,6911.3
26/05/2022,SLBA,2846.1
26/05/2022,TTLS,2279.6
27/05/2022,CIEI,2915.4
27/05/2022,ORAC,6561.3
27/05/2022,SCCS,4469.5
27/05/2022,SDCI,6948.9
27/05/2022,SLBA,2850.8
27/05/2022,TTLS,2246.8
30/05/2022,CIEI,2934.5
30/05/2022,ORAC,6475.0
30/05/2022,SCCS,4491.8
30/05/2022,SDCI,6997.8
30/05/2022,SLBA,2838.3
30/05/2022,TTLS,2223.1
31/05/2022,CIEI,2890.8
31/05/2022,ORAC,6508.2
31/05/2022,SCCS,4507.2
31/05/2022,SDCI,6976.6
31/05/2022,SLBA,2776.3
31/05/2022,TTLS,2198.8
01/06/2022,CIEI,2876.7
01/06/2022,ORAC,6571.8
01/06/2022,SCCS,4496.7
01/06/2022,SDCI,7110.3
01/06/2022,SLBA,2758.1
01/06/2022,TTLS,2286.4
02/06/2022,CIEI,2878.8
02/06/2022,ORAC,6743.4
02/06/2022,SCCS,4536.7
02/06/2022,SDCI,7044.4
02/06/2022,SLBA,2771.1
02/06/2022,TTLS,2305.6
03/06/2022,CIEI,2897.1
03/06/2022,ORAC,6644.1
03/06/2022,SCCS,4556.7
03/06/2022,SDCI,7095.1
03/06/2022,SLBA,2778.8
03/06/2022,TTLS,2367.2
06/06/2022,CIEI,2869.7
06/06/2022,ORAC,6653.2
06/06/2022,SCCS,4538.0
06/06/2022,SDCI,7139.6
06/06/2022,SLBA,2772.8
06/06/2022,TTLS,2457.8
07/06/2022,CIEI,2895.4
07/06/2022,ORAC,6731.1
07/06/2022,SCCS,4484.5
07/06/2022,SDCI,7097.8
07/06/2022,SLBA,2696.0
07/06/2022,TTLS,2506.8
08/06/2022,CIEI,2863.0
08/06/2022,ORAC,6723.1
08/06/2022,SCCS,4525.2
08/06/2022,SDCI,7081.3
08/06/2022,SLBA,2739.1
08/06/2022,TTLS,2570.5
09/06/2022,CIEI,2864.9
09/06/2022,ORAC,6477.2
09/06/2022,SCCS,4567.8
09/06/2022,SDCI,7160.7
09/06/2022,SLBA,2764.9
09/06/2022,TTLS,2554.7
10/06/2022,CIEI,2863.5
10/06/2022,ORAC,6569.4
10/06/2022,SCCS,4488.0
10/06/2022,SDCI,7169.9
10/06/2022,SLBA,2801.9
10/06/2022,TTLS,2527.6
13/06/2022,CIEI,2812.7
13/06/2022,ORAC,6821.2
13/06/2022,SCCS,4449.9
13/06/2022,SDCI,7198.1
13/06/2022,SLBA,2849.5
13/06/2022,TTLS,2597.9
14/06/2022,CIEI,2854.5
14/06/2022,ORAC,6940.0
14/06/2022,SCCS,4387.9
14/06/2022,SDCI,7322.6
14/06/2022,SLBA,2833.3
14/06/2022,TTLS,2670.9
15/06/2022,CIEI,2855.8
15/06/2022,ORAC,6847.4
15/06/2022,SCCS,4432.9
15/06/2022,SDCI,7345.7
15/06/2022,SLBA,2811.2
15/06/2022,TTLS,2626.7
16/06/2022,CIEI,2859.6
16/06/2022,ORAC,6811.3
16/06/2022,SCCS,4403.4
16/06/2022,SDCI,7203.0
16/06/2022,SLBA,2822.9
16/06/2022,TTLS,2685.5
17/06/2022,CIEI,2857.3
17/06/2022,ORAC,6844.6
17/06/2022,SCCS,4338.4
17/06/2022,SDCI,7143.7
17/06/2022,SLBA,2884.6
17/06/2022,TTLS,2704.7
20/06/2022,CIEI,2765.3
20/06/2022,ORAC,7126.3
20/06/2022,SCCS,4418.3
20/06/2022,SDCI,7218.9
20/06/2022,SLBA,2821.6
20/06/2022,TTLS,2748.4
21/06/2022,CIEI,2705.7
21/06/2022,ORAC,7206.3
21/06/2022,SCCS,4443.6
21/06/2022,SDCI,7211.8
21/06/2022,SLBA,2813.4
21/06/2022,TTLS,2801.1
22/06/2022,CIEI,2668.1
22/06/2022,ORAC,7229.0
22/06/2022,SCCS,4457.3
22/06/2022,SDCI,7122.8
22/06/2022,SLBA,2787.5
22/06/2022,TTLS,2901.9
23/06/2022,CIEI,2707.4
23/06/2022,ORAC,7418.8
23/06/2022,SCCS,4471.7
23/06/2022,SDCI,6958.5
23/06/2022,SLBA,2807.9
23/06/2022,TTLS,2874.7
24/06/2022,CIEI,2682.9
24/06/2022,ORAC,7419.0
24/06/2022,SCCS,4463.3
24/06/2022,SDCI,6989.3
24/06/2022,SLBA,2861.6
24/06/2022,TTLS,2880.2
27/06/2022,CIEI,2706.8
27/06/2022,ORAC,7649.9
27/06/2022,SCCS,4466.3
27/06/2022,SDCI,7118.5
27/06/2022,SLBA,2850.8
27/06/2022,TTLS,2950.9
28/06/2022,CIEI,2663.8
28/06/2022,ORAC,7576.3
28/06/2022,SCCS,4515.5
28/06/2022,SDCI,7016.0
28/06/2022,SLBA,2805.1
28/06/2022,TTLS,2942.8
29/06/2022,CIEI,2628.9
29/06/2022,ORAC,7528.8
29/06/2022,SCCS,4540.7
29/06/2022,SDCI,6838.2
29/06/2022,SLBA,2807.1
29/06/2022,TTLS,2977.2
30/06/2022,CIEI,2609.4
30/06/2022,ORAC,7625.7
30/06/2022,SCCS,4516.9
30/06/2022,SDCI,6882.6
30/06/2022,SLBA,2796.9
30/06/2022,TTLS,2978.8
01/07/2022,CIEI,2650.4
01/07/2022,ORAC,7809.7
01/07/2022,SCCS,4523.3
01/07/2022,SDCI,6842.0
01/07/2022,SLBA,2741.0
01/07/2022,TTLS,2893.6
04/07/2022,CIEI,2583.1
04/07/2022,ORAC,7901.8
04/07/2022,SCCS,4626.3
04/07/2022,SDCI,6821.8
04/07/2022,SLBA,2772.8
04/07/2022,TTLS,2870.5
05/07/2022,CIEI,2575.4
05/07/2022,ORAC,7950.5
05/07/2022,SCCS,4596.6
05/07/2022,SDCI,6799.3
05/07/2022,SLBA,2754.1
05/07/2022,TTLS,2921.6
06/07/2022,CIEI,2590.4
06/07/2022,ORAC,7729.4
06/07/2022,SCCS,4524.9
06/07/2022,SDCI,6729.9
06/07/2022,SLBA,2778.8
06/07/2022,TTLS,2898.7
07/07/2022,CIEI,2595.0
07/07/2022,ORAC,7651.6
07/07/2022,SCCS,4532.3
07/07/2022,SDCI,6769.0
07/07/2022,SLBA,2731.5
07/07/2022,TTLS,2824.3
08/07/2022,CIEI,2593.5
08/07/2022,ORAC,7587.1
08/07/2022,SCCS,4471.2
08/07/2022,SDCI,6847.0
08/07/2022,SLBA,2770.6
08/07/2022,TTLS,2804.4
11/07/2022,CIEI,2623.3
11/07/2022,ORAC,7532.4
11/07/2022,SCCS,4613.6
11/07/2022,SDCI,6880.6
11/07/2022,SLBA,2718.9
11/07/2022,TTLS,2815.0
12/07/2022,CIEI,2633.9
12/07/2022,ORAC,7613.2
12/07/2022,SCCS,4649.4
12/07/2022,SDCI,6838.8
12/07/2022,SLBA,2756.4
12/07/2022,TTLS,2845.4
13/07/2022,CIEI,2592.9
13/07/2022,ORAC,7582.5
13/07/2022,SCCS,4683.3
13/07/2022,SDCI,6927.4
13/07/2022,SLBA,2691.7
13/07/2022,TTLS,2868.0
14/07/2022,CIEI,2617.0
14/07/2022,ORAC,7688.2
14/07/2022,SCCS,4705.2
14/07/2022,SDCI,6922.1
14/07/2022,SLBA,2740.2
14/07/2022,TTLS,2900.9
15/07/2022,CIEI,2585.2
15/07/2022,ORAC,7708.6
15/07/2022,SCCS,4817.9
15/07/2022,SDCI,6973.9
15/07/2022,SLBA,2727.1
15/07/2022,TTLS,2851.7
18/07/2022,CIEI,2571.1
18/07/2022,ORAC,7677.8
18/07/2022,SCCS,4760.0
18/07/2022,SDCI,6900.1
18/07/2022,SLBA,2672.1
18/07/2022,TTLS,2826.6
19/07/2022,CIEI,2626.8
19/07/2022,ORAC,7702.6
19/07/2022,SCCS,4758.2
19/07/2022,SDCI,6958.0
19/07/2022,SLBA,2664.2
19/07/2022,TTLS,2793.3
20/07/2022,CIEI,2723.1
20/07/2022,ORAC,7765.7
20/07/2022,SCCS,4663.7
20/07/2022,SDCI,7023.6
20/07/2022,SLBA,2676.1
20/07/2022,TTLS,2776.9
21/07/2022,CIEI,2782.1
21/07/2022,ORAC,7882.7
21/07/2022,SCCS,4734.5
21/07/2022,SDCI,7135.5
21/07/2022,SLBA,2641.8
21/07/2022,TTLS,2804.6
22/07/2022,CIEI,2799.2
22/07/2022,ORAC,7833.1
22/07/2022,SCCS,4731.3
22/07/2022,SDCI,7141.9
22/07/2022,SLBA,2625.1
22/07/2022,TTLS,2877.4
25/07/2022,CIEI,2765.4
25/07/2022,ORAC,7814.4
25/07/2022,SCCS,4833.1
25/07/2022,SDCI,7183.6
25/07/2022,SLBA,2634.5
25/07/2022,TTLS,2871.2
26/07/2022,CIEI,2732.7
26/07/2022,ORAC,7654.3
26/07/2022,SCCS,4818.1
26/07/2022,SDCI,7138.3
26/07/2022,SLBA,2628.9
26/07/2022,TTLS,2931.8
27/07/2022,CIEI,2800.7
27/07/2022,ORAC,7861.0
27/07/2022,SCCS,4758.7
27/07/2022,SDCI,7217.5
27/07/2022,SLBA,2524.3
27/07/2022,TTLS,2996.3
28/07/2022,CIEI,2813.9
28/07/2022,ORAC,8054.1
28/07/2022,SCCS,4719.5
28/07/2022,SDCI,7288.4
28/07/2022,SLBA,2510.4
28/07/2022,TTLS,2940.8
29/07/2022,CIEI,2753.9
29/07/2022,ORAC,8041.8
29/07/2022,SCCS,4766.2
29/07/2022,SDCI,7386.3
29/07/2022,SLBA,2524.6
29/07/2022,TTLS,2903.9
01/08/2022,CIEI,2818.5
01/08/2022,ORAC,7991.0
01/08/2022,SCCS,4720.0
01/08/2022,SDCI,7356.5
01/08/2022,SLBA,2534.5
01/08/2022,TTLS,2917.8
02/08/2022,CIEI,2842.4
02/08/2022,ORAC,7843.6
02/08/2022,SCCS,4735.8
02/08/2022,SDCI,7253.7
02/08/2022,SLBA,2568.0
02/08/2022,TTLS,2851.6
03/08/2022,CIEI,2898.2
03/08/2022,ORAC,7875.4
03/08/2022,SCCS,4695.6
03/08/2022,SDCI,7252.0
03/08/2022,SLBA,2545.1
03/08/2022,TTLS,2953.4
04/08/2022,CIEI,2915.1
04/08/2022,ORAC,7911.9
04/08/2022,SCCS,4656.3
04/08/2022,SDCI,7238.1
04/08/2022,SLBA,2629.8
04/08/2022,TTLS,2860.0
05/08/2022,CIEI,2819.0
05/08/2022,ORAC,8198.7
05/08/2022,SCCS,4625.9
05/08/2022,SDCI,7178.0
05/08/2022,SLBA,2657.4
05/08/2022,TTLS,2803.0
08/08/2022,CIEI,2786.7
08/08/2022,ORAC,8242.0
08/08/2022,SCCS,4717.5
08/08/2022,SDCI,7233.7
08/08/2022,SLBA,2668.4
08/08/2022,TTLS,2848.2
09/08/2022,CIEI,2779.8
09/08/2022,ORAC,8150.4
09/08/2022,SCCS,4657.4
09/08/2022,SDCI,7319.2
09/08/2022,SLBA,2706.2
09/08/2022,TTLS,2816.1
10/08/2022,CIEI,2771.9
10/08/2022,ORAC,7842.5
10/08/2022,SCCS,4676.4
10/08/2022,SDCI,7357.7
10/08/2022,SLBA,2740.0
10/08/2022,TTLS,2858.0
11/08/2022,CIEI,2834.4
11/08/2022,ORAC,8029.8
11/08/2022,SCCS,4722.7
11/08/2022,SDCI,7459.1
11/08/2022,SLBA,2743.9
11/08/2022,TTLS,2813.4
12/08/2022,CIEI,2804.7
12/08/2022,ORAC,8064.9
12/08/2022,SCCS,4681.3
12/08/2022,SDCI,7498.5
12/08/2022,SLBA,2721.9
12/08/2022,TTLS,2872.8
15/08/2022,CIEI,2799.7
15/08/2022,ORAC,7868.0
15/08/2022,SCCS,4597.4
15/08/2022,SDCI,7415.8
15/08/2022,SLBA,2758.4
15/08/2022,TTLS,2848.9
16/08/2022,CIEI,2796.3
16/08/2022,ORAC,7901.2
16/08/2022,SCCS,4681.6
16/08/2022,SDCI,7368.4
16/08/2022,SLBA,2773.8
16/08/2022,TTLS,2892.1
17/08/2022,CIEI,2791.6
17/08/2022,ORAC,7708.4
17/08/2022,SCCS,4780.5
17/08/2022,SDCI,7341.6
17/08/2022,SLBA,2705.8
17/08/2022,TTLS,2950.4
18/08/2022,CIEI,2747.0
18/08/2022,ORAC,8148.0
18/08/2022,SCCS,4767.1
18/08/2022,SDCI,7405.6
18/08/2022,SLBA,2667.1
18/08/2022,TTLS,2877.4
19/08/2022,CIEI,2695.3
19/08/2022,ORAC,8304.7
19/08/2022,SCCS,4699.1
19/08/2022,SDCI,7490.9
19/08/2022,SLBA,2683.5
19/08/2022,TTLS,2837.8
22/08/2022,CIEI,2589.3
22/08/2022,ORAC,8391.9
22/08/2022,SCCS,4749.4
22/08/2022,SDCI,7507.3
22/08/2022,SLBA,2687.5
22/08/2022,TTLS,2754.7
23/08/2022,CIEI,2601.5
23/08/2022,ORAC,8379.6
23/08/2022,SCCS,4748.1
23/08/2022,SDCI,7601.9
23/08/2022,SLBA,2697.5
23/08/2022,TTLS,2705.8
24/08/2022,CIEI,2592.7
24/08/2022,ORAC,8103.9
24/08/2022,SCCS,4701.9
24/08/2022,SDCI,7532.0
24/08/2022,SLBA,2720.3
24/08/2022,TTLS,2756.4
25/08/2022,CIEI,2599.8
25/08/2022,ORAC,8098.3
25/08/2022,SCCS,4680.8
25/08/2022,SDCI,7526.2
25/08/2022,SLBA,2725.6
25/08/2022,TTLS,2760.9
26/08/2022,CIEI,2557.5
26/08/2022,ORAC,7907.7
26/08/2022,SCCS,4546.7
26/08/2022,SDCI,7664.1
26/08/2022,SLBA,2781.9
26/08/2022,TTLS,2808.9
29/08/2022,CIEI,2556.8
29/08/2022,ORAC,7993.7
29/08/2022,SCCS,4502.8
29/08/2022,SDCI,7708.9
29/08/2022,SLBA,2760.8
29/08/2022,TTLS,2886.8
30/08/2022,CIEI,2518.4
30/08/2022,ORAC,7730.9
30/08/2022,SCCS,4437.6
30/08/2022,SDCI,7809.0
30/08/2022,SLBA,2746.7
30/08/2022,TTLS,2946.8
31/08/2022,CIEI,2479.0
31/08/2022,ORAC,7628.9
31/08/2022,SCCS,4367.8
31/08/2022,SDCI,7638.7
31/08/2022,SLBA,2758.4
31/08/2022,TTLS,2991.6
01/09/2022,CIEI,2490.9
01/09/2022,ORAC,7788.0
01/09/2022,SCCS,4399.3
01/09/2022,SDCI,7491.9
01/09/2022,SLBA,2785.4
01/09/2022,TTLS,2975.1
02/09/2022,CIEI,2514.0
02/09/2022,ORAC,8003.2
02/09/2022,SCCS,4414.3
02/09/2022,SDCI,7419.5
02/09/2022,SLBA,2814.1
02/09/2022,TTLS,2961.0
05/09/2022,CIEI,2535.3
05/09/2022,ORAC,7862.6
05/09/2022,SCCS,4505.5
05/09/2022,SDCI,7512.2
05/09/2022,SLBA,2868.8
05/09/2022,TTLS,2984.6
06/09/2022,CIEI,2532.9
06/09/2022,ORAC,7680.2
06/09/2022,SCCS,4360.2
06/09/2022,SDCI,7661.3
06/09/2022,SLBA,2851.2
06/09/2022,TTLS,3037.8
07/09/2022,CIEI,2517.2
07/09/2022,ORAC,7798.5
07/09/2022,SCCS,4325.9
07/09/2022,SDCI,7609.6
07/09/2022,SLBA,2894.7
07/09/2022,TTLS,3103.8
08/09/2022,CIEI,2569.6
08/09/2022,ORAC,7915.4
08/09/2022,SCCS,4282.6
08/09/2022,SDCI,7525.2
08/09/2022,SLBA,2912.5
08/09/2022,TTLS,3127.4
09/09/2022,CIEI,2617.1
09/09/2022,ORAC,7801.0
09/09/2022,SCCS,4351.9
09/09/2022,SDCI,7439.1
09/09/2022,SLBA,2873.3
09/09/2022,TTLS,3118.1
12/09/2022,CIEI,2591.2
12/09/2022,ORAC,7724.8
12/09/2022,SCCS,4407.1
12/09/2022,SDCI,7364.9
12/09/2022,SLBA,2868.4
12/09/2022,TTLS,3120.8
13/09/2022,CIEI,2547.7
13/09/2022,ORAC,7649.3
13/09/2022,SCCS,4414.2
13/09/2022,SDCI,7417.6
13/09/2022,SLBA,2946.4
13/09/2022,TTLS,3220.9
14/09/2022,CIEI,2561.2
14/09/2022,ORAC,7514.0
14/09/2022,SCCS,4419.8
14/09/2022,SDCI,7394.3
14/09/2022,SLBA,2976.7
14/09/2022,TTLS,3244.5
15/09/2022,CIEI,2572.7
15/09/2022,ORAC,7442.2
15/09/2022,SCCS,4380.2
15/09/2022,SDCI,7563.0
15/09/2022,SLBA,2958.7
15/09/2022,TTLS,3368.5
16/09/2022,CIEI,2536.4
16/09/2022,ORAC,7601.1
16/09/2022,SCCS,4353.5
16/09/2022,SDCI,7632.0
16/09/2022,SLBA,2866.7
16/09/2022,TTLS,3333.0
19/09/2022,CIEI,2623.1
19/09/2022,ORAC,7695.1
19/09/2022,SCCS,4330.7
19/09/2022,SDCI,7574.7
19/09/2022,SLBA,2839.5
19/09/2022,TTLS,3393.1
20/09/2022,CIEI,2539.3
20/09/2022,ORAC,7958.6
20/09/2022,SCCS,4199.2
20/09/2022,SDCI,7600.2
20/09/2022,SLBA,2813.8
20/09/2022,TTLS,3414.1
21/09/2022,CIEI,2506.5
21/09/2022,ORAC,7958.3
21/09/2022,SCCS,4296.1
21/09/2022,SDCI,7590.8
21/09/2022,SLBA,2816.9
21/09/2022,TTLS,3468.7
22/09/2022,CIEI,2514.8
22/09/2022,ORAC,7951.7
22/09/2022,SCCS,4334.9
22/09/2022,SDCI,7666.2
22/09/2022,SLBA,2901.7
22/09/2022,TTLS,3429.8
23/09/2022,CIEI,2551.7
23/09/2022,ORAC,7837.3
23/09/2022,SCCS,4444.7
23/09/2022,SDCI,7752.9
23/09/2022,SLBA,2930.1
23/09/2022,TTLS,3458.6
26/09/2022,CIEI,2479.3
26/09/2022,ORAC,7832.2
26/09/2022,SCCS,4511.7
26/09/2022,SDCI,7725.5
26/09/2022,SLBA,2942.2
26/09/2022,TTLS,3462.6
27/09/2022,CIEI,2462.2
27/09/2022,ORAC,7678.1
27/09/2022,SCCS,4539.3
27/09/2022,SDCI,7811.6
27/09/2022,SLBA,2906.7
27/09/2022,TTLS,3453.3
28/09/2022,CIEI,2514.8
28/09/2022,ORAC,7470.1
28/09/2022,SCCS,4585.7
28/09/2022,SDCI,7868.8
28/09/2022,SLBA,2862.1
28/09/2022,TTLS,3387.3
29/09/2022,CIEI,2567.5
29/09/2022,ORAC,7563.3
29/09/2022,SCCS,4492.5
29/09/2022,SDCI,7865.4
29/09/2022,SLBA,2854.6
29/09/2022,TTLS,3309.1
30/09/2022,CIEI,2556.8
30/09/2022,ORAC,7747.7
30/09/2022,SCCS,4438.0
30/09/2022,SDCI,7893.8
30/09/2022,SLBA,2837.5
30/09/2022,TTLS,3297.0
03/10/2022,CIEI,2557.4
03/10/2022,ORAC,7861.8
03/10/2022,SCCS,4484.3
03/10/2022,SDCI,7962.0
03/10/2022,SLBA,2948.6
03/10/2022,TTLS,3337.1
04/10/2022,CIEI,2522.4
04/10/2022,ORAC,8039.9
04/10/2022,SCCS,4464.2
04/10/2022,SDCI,7936.8
04/10/2022,SLBA,2933.3
04/10/2022,TTLS,3360.5
05/10/2022,CIEI,2536.6
05/10/2022,ORAC,8083.1
05/10/2022,SCCS,4377.4
05/10/2022,SDCI,7878.1
05/10/2022,SLBA,2910.1
05/10/2022,TTLS,3382.9
06/10/2022,CIEI,2495.6
06/10/2022,ORAC,8001.0
06/10/2022,SCCS,4377.3
06/10/2022,SDCI,8000.9
06/10/2022,SLBA,2953.0
06/10/2022,TTLS,3410.5
07/10/2022,CIEI,2418.1
07/10/2022,ORAC,8022.8
07/10/2022,SCCS,4309.5
07/10/2022,SDCI,8006.1
07/10/2022,SLBA,2956.2
07/10/2022,TTLS,3335.9
10/10/2022,CIEI,2361.7
10/10/2022,ORAC,7985.5
10/10/2022,SCCS,4310.1
10/10/2022,SDCI,7954.7
10/10/2022,SLBA,2909.0
10/10/2022,TTLS,3407.4
11/10/2022,CIEI,2362.9
11/10/2022,ORAC,7854.1
11/10/2022,SCCS,4392.2
11/10/2022,SDCI,8002.7
11/10/2022,SLBA,2958.0
11/10/2022,TTLS,3419.7
12/10/2022,CIEI,2315.0
12/10/2022,ORAC,7651.9
12/10/2022,SCCS,4332.3
12/10/2022,SDCI,7868.1
12/10/2022,SLBA,2946.2
12/10/2022,TTLS,3381.7
13/10/2022,CIEI,2353.0
13/10/2022,ORAC,7480.6
13/10/2022,SCCS,4309.2
13/10/2022,SDCI,7878.0
13/10/2022,SLBA,2895.5
13/10/2022,TTLS,3356.6
14/10/2022,CIEI,2397.9
14/10/2022,ORAC,7490.0
14/10/2022,SCCS,4338.4
14/10/2022,SDCI,7756.0
14/10/2022,SLBA,2907.9
14/10/2022,TTLS,3424.1
17/10/2022,CIEI,2433.3
17/10/2022,ORAC,7518.0
17/10/2022,SCCS,4337.4
17/10/2022,SDCI,7721.5
17/10/2022,SLBA,2926.5
17/10/2022,TTLS,3444.0
18/10/2022,CIEI,2456.5
18/10/2022,ORAC,7471.0
18/10/2022,SCCS,4347.6
18/10/2022,SDCI,7563.7
18/10/2022,SLBA,2913.9
18/10/2022,TTLS,3349.4
19/10/2022,CIEI,2497.9
19/10/2022,ORAC,7651.8
19/10/2022,SCCS,4303.5
19/10/2022,SDCI,7504.1
19/10/2022,SLBA,2940.6
19/10/2022,TTLS,3483.7
20/10/2022,CIEI,2507.0
20/10/2022,ORAC,7683.9
20/10/2022,SCCS,4286.3
20/10/2022,SDCI,7587.8
20/10/2022,SLBA,2972.2
20/10/2022,TTLS,3399.6
21/10/2022,CIEI,2539.1
21/10/2022,ORAC,7765.8
21/10/2022,SCCS,4162.9
21/10/2022,SDCI,7576.1
21/10/2022,SLBA,2938.3
21/10/2022,TTLS,3512.3
24/10/2022,CIEI,2556.3
24/10/2022,ORAC,7927.6
24/10/2022,SCCS,4154.3
24/10/2022,SDCI,7472.0
24/10/2022,SLBA,2859.9
24/10/2022,TTLS,3574.2
25/10/2022,CIEI,2585.7
25/10/2022,ORAC,7834.2
25/10/2022,SCCS,4219.3
25/10/2022,SDCI,7629.7
25/10/2022,SLBA,2771.2
25/10/2022,TTLS,3518.4
26/10/2022,CIEI,2545.1
26/10/2022,ORAC,7597.8
26/10/2022,SCCS,4162.3
26/10/2022,SDCI,7577.7
26/10/2022,SLBA,2766.8
26/10/2022,TTLS,3605.4
27/10/2022,CIEI,2519.0
27/10/2022,ORAC,7699.4
27/10/2022,SCCS,4153.3
27/10/2022,SDCI,7714.8
27/10/2022,SLBA,2811.3
27/10/2022,TTLS,3695.5
28/10/2022,CIEI,2480.1
28/10/2022,ORAC,7624.9
28/10/2022,SCCS,4189.3
28/10/2022,SDCI,7671.7
28/10/2022,SLBA,2848.1
28/10/2022,TTLS,3773.6
31/10/2022,CIEI,2510.4
31/10/2022,ORAC,7795.0
31/10/2022,SCCS,4251.7
31/10/2022,SDCI,7543.9
31/10/2022,SLBA,2899.9
31/10/2022,TTLS,3826.7
01/11/2022,CIEI,2528.8
01/11/2022,ORAC,7847.5
01/11/2022,SCCS,4312.0
01/11/2022,SDCI,7712.6
01/11/2022,SLBA,2970.1
01/11/2022,TTLS,3858.2
02/11/2022,CIEI,2497.9
02/11/2022,ORAC,7984.4
02/11/2022,SCCS,4266.0
02/11/2022,SDCI,7678.1
02/11/2022,SLBA,2971.0
02/11/2022,TTLS,3882.5
03/11/2022,CIEI,2459.8
03/11/2022,ORAC,8092.6
03/11/2022,SCCS,4244.7
03/11/2022,SDCI,7751.5
03/11/2022,SLBA,3012.0
03/11/2022,TTLS,3854.8
04/11/2022,CIEI,2437.5
04/11/2022,ORAC,7834.0
04/11/2022,SCCS,4335.5
04/11/2022,SDCI,7865.1
04/11/2022,SLBA,2952.3
04/11/2022,TTLS,3883.0
07/11/2022,CIEI,2468.9
07/11/2022,ORAC,7934.6
07/11/2022,SCCS,4311.3
07/11/2022,SDCI,7748.1
07/11/2022,SLBA,2979.0
07/11/2022,TTLS,3981.5
08/11/2022,CIEI,2463.8
08/11/2022,ORAC,7859.8
08/11/2022,SCCS,4326.6
08/11/2022,SDCI,7759.4
08/11/2022,SLBA,2994.5
08/11/2022,TTLS,3983.7
09/11/2022,CIEI,2454.0
09/11/2022,ORAC,7775.2
09/11/2022,SCCS,4282.5
09/11/2022,SDCI,7711.6
09/11/2022,SLBA,2991.0
09/11/2022,TTLS,4133.9
10/11/2022,CIEI,2427.6
10/11/2022,ORAC,7731.5
10/11/2022,SCCS,4248.6
10/11/2022,SDCI,7771.4
10/11/2022,SLBA,2974.1
10/11/2022,TTLS,4028.9
11/11/2022,CIEI,2422.4
11/11/2022,ORAC,7836.8
11/11/2022,SCCS,4095.8
11/11/2022,SDCI,7774.9
11/11/2022,SLBA,2931.1
11/11/2022,TTLS,4041.1
14/11/2022,CIEI,2480.1
14/11/2022,ORAC,7958.2
14/11/2022,SCCS,4068.9
14/11/2022,SDCI,7663.9
14/11/2022,SLBA,2936.7
14/11/2022,TTLS,3943.5
15/11/2022,CIEI,2453.5
15/11/2022,ORAC,8097.6
15/11/2022,SCCS,3960.6
15/11/2022,SDCI,7673.9
15/11/2022,SLBA,2985.7
15/11/2022,TTLS,3829.0
16/11/2022,CIEI,2439.6
16/11/2022,ORAC,7893.4
16/11/2022,SCCS,3912.0
16/11/2022,SDCI,7747.6
16/11/2022,SLBA,2971.7
16/11/2022,TTLS,3855.9
17/11/2022,CIEI,2501.4
17/11/2022,ORAC,7829.3
17/11/2022,SCCS,3865.6
17/11/2022,SDCI,7725.5
17/11/2022,SLBA,2992.5
17/11/2022,TTLS,3842.9
18/11/2022,CIEI,2527.9
18/11/2022,ORAC,7542.2
18/11/2022,SCCS,3929.3
18/11/2022,SDCI,7781.5
18/11/2022,SLBA,2966.9
18/11/2022,TTLS,3814.1
21/11/2022,CIEI,2483.5
21/11/2022,ORAC,7540.0
21/11/2022,SCCS,3966.0
21/11/2022,SDCI,7737.5
21/11/2022,SLBA,2976.9
21/11/2022,TTLS,3751.1
22/11/2022,CIEI,2523.6
22/11/2022,ORAC,7622.5
22/11/2022,SCCS,3985.6
22/11/2022,SDCI,7737.7
22/11/2022,SLBA,2938.2
22/11/2022,TTLS,3744.5
23/11/2022,CIEI,2474.7
23/11/2022,ORAC,7539.5
23/11/2022,SCCS,3960.6
23/11/2022,SDCI,7774.3
23/11/2022,SLBA,2952.8
23/11/2022,TTLS,3645.0
24/11/2022,CIEI,2494.8
24/11/2022,ORAC,7579.1
24/11/2022,SCCS,3893.9
24/11/2022,SDCI,7792.2
24/11/2022,SLBA,2944.7
24/11/2022,TTLS,3641.3
25/11/2022,CIEI,2398.8
25/11/2022,ORAC,7617.3
25/11/2022,SCCS,3916.7
25/11/2022,SDCI,7913.5
25/11/2022,SLBA,2957.0
25/11/2022,TTLS,3615.8
28/11/2022,CIEI,2361.9
28/11/2022,ORAC,7750.2
28/11/2022,SCCS,3877.4
28/11/2022,SDCI,8006.7
28/11/2022,SLBA,2933.9
28/11/2022,TTLS,3543.7
29/11/2022,CIEI,2393.9
29/11/2022,ORAC,7658.7
29/11/2022,SCCS,3872.1
29/11/2022,SDCI,8091.1
29/11/2022,SLBA,2889.3
29/11/2022,TTLS,3578.6
30/11/2022,CIEI,2371.6
30/11/2022,ORAC,7567.4
30/11/2022,SCCS,3916.6
30/11/2022,SDCI,8164.9
30/11/2022,SLBA,2877.2
30/11/2022,TTLS,3468.1
01/12/2022,CIEI,2344.8
01/12/2022,ORAC,7485.1
01/12/2022,SCCS,3907.7
01/12/2022,SDCI,8184.9
01/12/2022,SLBA,2916.2
01/12/2022,TTLS,3503.4
02/12/2022,CIEI,2346.0
02/12/2022,ORAC,7705.0
02/12/2022,SCCS,3906.4
02/12/2022,SDCI,8078.1
02/12/2022,SLBA,2976.2
02/12/2022,TTLS,3528.8
05/12/2022,CIEI,2345.3
05/12/2022,ORAC,7849.7
05/12/2022,SCCS,3859.3
05/12/2022,SDCI,8184.1
05/12/2022,SLBA,2963.9
05/12/2022,TTLS,3570.9
06/12/2022,CIEI,2328.0
06/12/2022,ORAC,7844.7
06/12/2022,SCCS,3908.5
06/12/2022,SDCI,8356.7
06/12/2022,SLBA,2994.9
06/12/2022,TTLS,3588.2
07/12/2022,CIEI,2303.5
07/12/2022,ORAC,7883.5
07/12/2022,SCCS,3933.8
07/12/2022,SDCI,8384.0
07/12/2022,SLBA,3024.7
07/12/2022,TTLS,3648.2
08/12/2022,CIEI,2365.3
08/12/2022,ORAC,7908.4
08/12/2022,SCCS,3967.8
08/12/2022,SDCI,8364.4
08/12/2022,SLBA,3040.4
08/12/2022,TTLS,3640.2
09/12/2022,CIEI,2417.9
09/12/2022,ORAC,7944.7
09/12/2022,SCCS,4046.2
09/12/2022,SDCI,8366.1
09/12/2022,SLBA,2979.3
09/12/2022,TTLS,3578.5
12/12/2022,CIEI,2429.2
12/12/2022,ORAC,7928.8
12/12/2022,SCCS,3966.3
12/12/2022,SDCI,8490.2
12/12/2022,SLBA,2992.1
12/12/2022,TTLS,3611.7
13/12/2022,CIEI,2386.2
13/12/2022,ORAC,7897.0
13/12/2022,SCCS,3967.5
13/12/2022,SDCI,8524.1
13/12/2022,SLBA,2954.6
13/12/2022,TTLS,3569.6
14/12/2022,CIEI,2366.4
14/12/2022,ORAC,7748.8
14/12/2022,SCCS,3998.6
14/12/2022,SDCI,8431.1
14/12/2022,SLBA,3000.0
14/12/2022,TTLS,3555.3
15/12/2022,CIEI,2355.3
15/12/2022,ORAC,7679.5
15/12/2022,SCCS,4014.8
15/12/2022,SDCI,8419.4
15/12/2022,SLBA,3031.0
15/12/2022,TTLS,3571.8
16/12/2022,CIEI,2371.9
16/12/2022,ORAC,7892.6
16/12/2022,SCCS,4029.8
16/12/2022,SDCI,8348.9
16/12/2022,SLBA,3055.6
16/12/2022,TTLS,3521.2
19/12/2022,CIEI,2428.5
19/12/2022,ORAC,7970.9
19/12/2022,SCCS,4052.7
19/12/2022,SDCI,8334.5
19/12/2022,SLBA,2955.1
19/12/2022,TTLS,3592.0
20/12/2022,CIEI,2408.7
20/12/2022,ORAC,7989.8
20/12/2022,SCCS,3977.2
20/12/2022,SDCI,8252.2
20/12/2022,SLBA,2979.2
20/12/2022,TTLS,3502.0
21/12/2022,CIEI,2413.3
21/12/2022,ORAC,7973.0
21/12/2022,SCCS,3973.4
21/12/2022,SDCI,8172.7
21/12/2022,SLBA,3006.5
21/12/2022,TTLS,3587.5
22/12/2022,CIEI,2396.9
22/12/2022,ORAC,7991.7
22/12/2022,SCCS,4029.7
22/12/2022,SDCI,8320.3
22/12/2022,SLBA,2956.8
22/12/2022,TTLS,3594.4
23/12/2022,CIEI,2401.2
23/12/2022,ORAC,8047.5
23/12/2022,SCCS,4027.0
23/12/2022,SDCI,8428.1
23/12/2022,SLBA,2994.4
23/12/2022,TTLS,3712.6
26/12/2022,CIEI,2375.5
26/12/2022,ORAC,7975.1
26/12/2022,SCCS,4017.4
26/12/2022,SDCI,8274.2
26/12/2022,SLBA,2997.5
26/12/2022,TTLS,3795.6
27/12/2022,CIEI,2388.3
27/12/2022,ORAC,8010.8
27/12/2022,SCCS,4058.7
27/12/2022,SDCI,8184.2
27/12/2022,SLBA,2990.6
27/12/2022,TTLS,3851.1
28/12/2022,CIEI,2429.4
28/12/2022,ORAC,8052.3
28/12/2022,SCCS,3972.3
28/12/2022,SDCI,8146.5
28/12/2022,SLBA,2963.1
28/12/2022,TTLS,3880.8
29/12/2022,CIEI,2414.1
29/12/2022,ORAC,7966.6
29/12/2022,SCCS,3991.4
29/12/2022,SDCI,8114.5
29/12/2022,SLBA,2924.1
29/12/2022,TTLS,3898.6
30/12/2022,CIEI,2401.4
30/12/2022,ORAC,7876.7
30/12/2022,SCCS,4065.2
30/12/2022,SDCI,7988.0
30/12/2022,SLBA,2907.9
30/12/2022,TTLS,3812.2
02/01/2023,CIEI,2404.9
02/01/2023,ORAC,7761.3
02/01/2023,SCCS,4052.5
02/01/2023,SDCI,8076.4
02/01/2023,SLBA,3024.8
02/01/2023,TTLS,3783.5
03/01/2023,CIEI,2356.4
03/01/2023,ORAC,7639.6
03/01/2023,SCCS,4011.9
03/01/2023,SDCI,7928.7
03/01/2023,SLBA,3033.0
03/01/2023,TTLS,3729.2
04/01/2023,CIEI,2420.1
04/01/2023,ORAC,7758.6
04/01/2023,SCCS,4037.5
04/01/2023,SDCI,7998.5
04/01/2023,SLBA,3041.4
04/01/2023,TTLS,3690.8
05/01/2023,CIEI,2370.4
05/01/2023,ORAC,7476.0
05/01/2023,SCCS,4015.2
05/01/2023,SDCI,8069.0
05/01/2023,SLBA,3016.0
05/01/2023,TTLS,3691.4
06/01/2023,CIEI,2356.9
06/01/2023,ORAC,7454.1
06/01/2023,SCCS,3975.2
06/01/2023,SDCI,8039.4
06/01/2023,SLBA,2992.1
06/01/2023,TTLS,3648.0
09/01/2023,CIEI,2324.7
09/01/2023,ORAC,7391.1
09/01/2023,SCCS,3983.2
09/01/2023,SDCI,7982.8
09/01/2023,SLBA,2970.8
09/01/2023,TTLS,3666.2
10/01/2023,CIEI,2376.6
10/01/2023,ORAC,7327.7
10/01/2023,SCCS,3902.7
10/01/2023,SDCI,7993.5
10/01/2023,SLBA,2936.8
10/01/2023,TTLS,3658.5
11/01/2023,CIEI,2358.4
11/01/2023,ORAC,7348.9
11/01/2023,SCCS,3934.5
11/01/2023,SDCI,8012.6
11/01/2023,SLBA,2970.5
11/01/2023,TTLS,3636.9
12/01/2023,CIEI,2339.7
12/01/2023,ORAC,7491.4
12/01/2023,SCCS,3877.2
12/01/2023,SDCI,7820.5
12/01/2023,SLBA,2960.3
12/01/2023,TTLS,3671.5
13/01/2023,CIEI,2405.7
13/01/2023,ORAC,7510.6
13/01/2023,SCCS,3851.2
13/01/2023,SDCI,7710.6
13/01/2023,SLBA,2993.8
13/01/2023,TTLS,3711.2
16/01/2023,CIEI,2400.6
16/01/2023,ORAC,7503.7
16/01/2023,SCCS,3885.1
16/01/2023,SDCI,7763.6
16/01/2023,SLBA,2949.1
16/01/2023,TTLS,3631.3
17/01/2023,CIEI,2371.7
17/01/2023,ORAC,7440.2
17/01/2023,SCCS,3883.6
17/01/2023,SDCI,7758.6
17/01/2023,SLBA,2985.0
17/01/2023,TTLS,3619.9
18/01/2023,CIEI,2370.7
18/01/2023,ORAC,7434.8
18/01/2023,SCCS,3895.8
18/01/2023,SDCI,7725.9
18/01/2023,SLBA,2984.1
18/01/2023,TTLS,3818.5
19/01/2023,CIEI,2376.9
19/01/2023,ORAC,7553.3
19/01/2023,SCCS,3961.1
19/01/2023,SDCI,7640.8
19/01/2023,SLBA,3010.3
19/01/2023,TTLS,3828.9
20/01/2023,CIEI,2349.4
20/01/2023,ORAC,7515.7
20/01/2023,SCCS,4034.3
20/01/2023,SDCI,7582.6
20/01/2023,SLBA,3006.4
20/01/2023,TTLS,3870.0
23/01/2023,CIEI,2342.2
23/01/2023,ORAC,7387.9
23/01/2023,SCCS,4136.7
23/01/2023,SDCI,7519.5
23/01/2023,SLBA,2972.0
23/01/2023,TTLS,3818.3
24/01/2023,CIEI,2334.0
24/01/2023,ORAC,7248.3
24/01/2023,SCCS,4109.0
24/01/2023,SDCI,7770.8
24/01/2023,SLBA,3019.0
24/01/2023,TTLS,3894.5
25/01/2023,CIEI,2358.8
25/01/2023,ORAC,7129.7
25/01/2023,SCCS,4154.8
25/01/2023,SDCI,7661.5
25/01/2023,SLBA,3002.1
25/01/2023,TTLS,4011.5
26/01/2023,CIEI,2385.5
26/01/2023,ORAC,6980.6
26/01/2023,SCCS,4071.2
26/01/2023,SDCI,7804.3
26/01/2023,SLBA,2996.6
26/01/2023,TTLS,4063.2
27/01/2023,CIEI,2414.8
27/01/2023,ORAC,7112.7
27/01/2023,SCCS,4110.9
27/01/2023,SDCI,7853.3
27/01/2023,SLBA,2962.3
27/01/2023,TTLS,4063.7
30/01/2023,CIEI,2409.6
30/01/2023,ORAC,7162.7
30/01/2023,SCCS,4176.0
30/01/2023,SDCI,7878.0
30/01/2023,SLBA,2970.5
30/01/2023,TTLS,4075.9
31/01/2023,CIEI,2437.9
31/01/2023,ORAC,7145.0
31/01/2023,SCCS,4139.1
31/01/2023,SDCI,7901.2
31/01/2023,SLBA,2955.6
31/01/2023,TTLS,3947.6
01/02/2023,CIEI,2429.3
01/02/2023,ORAC,7321.4
01/02/2023,SCCS,4162.4
01/02/2023,SDCI,7871.1
01/02/2023,SLBA,2966.7
01/02/2023,TTLS,3999.4
02/02/2023,CIEI,2471.1
02/02/2023,ORAC,7254.1
02/02/2023,SCCS,4204.9
02/02/2023,SDCI,8024.7
02/02/2023,SLBA,2980.2
02/02/2023,TTLS,3987.4
03/02/2023,CIEI,2485.5
03/02/2023,ORAC,7351.2
03/02/2023,SCCS,4196.6
03/02/2023,SDCI,8077.8
03/02/2023,SLBA,2953.8
03/02/2023,TTLS,4025.6
06/02/2023,CIEI,2468.7
06/02/2023,ORAC,7455.3
06/02/2023,SCCS,4164.1
06/02/2023,SDCI,8080.3
06/02/2023,SLBA,2899.8
06/02/2023,TTLS,4062.5
07/02/2023,CIEI,2513.9
07/02/2023,ORAC,7280.8
07/02/2023,SCCS,4240.4
07/02/2023,SDCI,8074.0
07/02/2023,SLBA,2916.4
07/02/2023,TTLS,4088.0
08/02/2023,CIEI,2455.7
08/02/2023,ORAC,7109.1
08/02/2023,SCCS,4172.3
08/02/2023,SDCI,8098.1
08/02/2023,SLBA,2951.4
08/02/2023,TTLS,4251.9
09/02/2023,CIEI,2419.0
09/02/2023,ORAC,7013.1
09/02/2023,SCCS,4180.6
09/02/2023,SDCI,7995.0
09/02/2023,SLBA,2978.3
09/02/2023,TTLS,4332.5
10/02/2023,CIEI,2389.1
10/02/2023,ORAC,7124.2
10/02/2023,SCCS,4229.1
10/02/2023,SDCI,7970.3
10/02/2023,SLBA,2934.2
10/02/2023,TTLS,4292.7
13/02/2023,CIEI,2383.7
13/02/2023,ORAC,7281.5
13/02/2023,SCCS,4241.2
13/02/2023,SDCI,7917.1
13/02/2023,SLBA,2957.5
13/02/2023,TTLS,4350.3
14/02/2023,CIEI,2338.7
14/02/2023,ORAC,7148.2
14/02/2023,SCCS,4322.8
14/02/2023,SDCI,7979.8
14/02/2023,SLBA,2972.6
14/02/2023,TTLS,4410.3
15/02/2023,CIEI,2295.5
15/02/2023,ORAC,7277.7
15/02/2023,SCCS,4400.7
15/02/2023,SDCI,8041.3
15/02/2023,SLBA,2983.8
15/02/2023,TTLS,4424.4
16/02/2023,CIEI,2229.3
16/02/2023,ORAC,7242.8
16/02/2023,SCCS,4425.8
16/02/2023,SDCI,7870.6
16/02/2023,SLBA,3000.7
16/02/2023,TTLS,4547.0
17/02/2023,CIEI,2232.5
17/02/2023,ORAC,7206.9
17/02/2023,SCCS,4521.2
17/02/2023,SDCI,7855.2
17/02/2023,SLBA,2988.3
17/02/2023,TTLS,4528.4
20/02/2023,CIEI,2205.9
20/02/2023,ORAC,7153.0
20/02/2023,SCCS,4562.5
20/02/2023,SDCI,7951.4
20/02/2023,SLBA,2996.8
20/02/2023,TTLS,4397.8
21/02/2023,CIEI,2278.2
21/02/2023,ORAC,7125.4
21/02/2023,SCCS,4494.1
21/02/2023,SDCI,7835.9
21/02/2023,SLBA,3033.2
21/02/2023,TTLS,4324.7
22/02/2023,CIEI,2304.2
22/02/2023,ORAC,6927.7
22/02/2023,SCCS,4476.3
22/02/2023,SDCI,7732.3
22/02/2023,SLBA,3013.5
22/02/2023,TTLS,4365.4
23/02/2023,CIEI,2263.7
23/02/2023,ORAC,6825.9
23/02/2023,SCCS,4491.1
23/02/2023,SDCI,7828.0
23/02/2023,SLBA,2957.3
23/02/2023,TTLS,4299.0
24/02/2023,CIEI,2308.1
24/02/2023,ORAC,6700.1
24/02/2023,SCCS,4501.6
24/02/2023,SDCI,7821.3
24/02/2023,SLBA,2953.5
24/02/2023,TTLS,4321.4
27/02/2023,CIEI,2311.1
27/02/2023,ORAC,6761.6
27/02/2023,SCCS,4408.7
27/02/2023,SDCI,7785.0
27/02/2023,SLBA,2961.3
27/02/2023,TTLS,4215.3
28/02/2023,CIEI,2348.0
28/02/2023,ORAC,6996.7
28/02/2023,SCCS,4532.0
28/02/2023,SDCI,7679.1
28/02/2023,SLBA,2890.5
28/02/2023,TTLS,4254.7
01/03/2023,CIEI,2307.9
01/03/2023,ORAC,7311.8
01/03/2023,SCCS,4445.9
01/03/2023,SDCI,7699.5
01/03/2023,SLBA,2865.3
01/03/2023,TTLS,4245.7
02/03/2023,CIEI,2347.6
02/03/2023,ORAC,7282.3
02/03/2023,SCCS,4384.7
02/03/2023,SDCI,7654.2
02/03/2023,SLBA,2887.5
02/03/2023,TTLS,4187.2
03/03/2023,CIEI,2385.8
03/03/2023,ORAC,7091.4
03/03/2023,SCCS,4408.6
03/03/2023,SDCI,7678.3
03/03/2023,SLBA,2882.1
03/03/2023,TTLS,4156.0
06/03/2023,CIEI,2370.1
06/03/2023,ORAC,7054.7
06/03/2023,SCCS,4419.3
06/03/2023,SDCI,7721.6
06/03/2023,SLBA,2885.8
06/03/2023,TTLS,4146.1
07/03/2023,CIEI,2339.0
07/03/2023,ORAC,6958.1
07/03/2023,SCCS,4501.9
07/03/2023,SDCI,7790.4
07/03/2023,SLBA,2838.8
07/03/2023,TTLS,4224.2
08/03/2023,CIEI,2324.9
08/03/2023,ORAC,7188.2
08/03/2023,SCCS,4514.2
08/03/2023,SDCI,7765.8
08/03/2023,SLBA,2872.4
08/03/2023,TTLS,4252.6
09/03/2023,CIEI,2333.5
09/03/2023,ORAC,7263.5
09/03/2023,SCCS,4534.9
09/03/2023,SDCI,7723.1
09/03/2023,SLBA,2938.2
09/03/2023,TTLS,4247.6
10/03/2023,CIEI,2417.6
10/03/2023,ORAC,7188.5
10/03/2023,SCCS,4575.1
10/03/2023,SDCI,7730.8
10/03/2023,SLBA,2930.8
10/03/2023,TTLS,4270.2
13/03/2023,CIEI,2482.9
13/03/2023,ORAC,7305.7
13/03/2023,SCCS,4534.4
13/03/2023,SDCI,7727.0
13/03/2023,SLBA,2903.1
13/03/2023,TTLS,4348.7
14/03/2023,CIEI,2538.3
14/03/2023,ORAC,7378.1
14/03/2023,SCCS,4463.0
14/03/2023,SDCI,7747.6
14/03/2023,SLBA,2859.7
14/03/2023,TTLS,4395.7
15/03/2023,CIEI,2529.2
15/03/2023,ORAC,7196.1
15/03/2023,SCCS,4437.9
15/03/2023,SDCI,7704.5
15/03/2023,SLBA,2893.0
15/03/2023,TTLS,4544.4
16/03/2023,CIEI,2515.9
16/03/2023,ORAC,7144.5
16/03/2023,SCCS,4493.0
16/03/2023,SDCI,7688.1
16/03/2023,SLBA,2897.1
16/03/2023,TTLS,4497.0
17/03/2023,CIEI,2529.1
17/03/2023,ORAC,7126.7
17/03/2023,SCCS,4477.6
17/03/2023,SDCI,7640.2
17/03/2023,SLBA,2867.4
17/03/2023,TTLS,4574.2
20/03/2023,CIEI,2517.9
20/03/2023,ORAC,7138.4
20/03/2023,SCCS,4545.8
20/03/2023,SDCI,7592.5
20/03/2023,SLBA,2912.9
20/03/2023,TTLS,4595.7
21/03/2023,CIEI,2499.3
21/03/2023,ORAC,7163.0
21/03/2023,SCCS,4515.4
21/03/2023,SDCI,7611.4
21/03/2023,SLBA,2942.1
21/03/2023,TTLS,4555.3
22/03/2023,CIEI,2490.7
22/03/2023,ORAC,7133.8
22/03/2023,SCCS,4557.1
22/03/2023,SDCI,7719.3
22/03/2023,SLBA,2965.4
22/03/2023,TTLS,4615.2
23/03/2023,CIEI,2521.8
23/03/2023,ORAC,7165.0
23/03/2023,SCCS,4558.8
23/03/2023,SDCI,7675.8
23/03/2023,SLBA,2897.8
23/03/2023,TTLS,4695.5
24/03/2023,CIEI,2518.4
24/03/2023,ORAC,7107.3
24/03/2023,SCCS,4605.7
24/03/2023,SDCI,7733.4
24/03/2023,SLBA,2894.1
24/03/2023,TTLS,4789.4
27/03/2023,CIEI,2526.7
27/03/2023,ORAC,7014.9
27/03/2023,SCCS,4606.4
27/03/2023,SDCI,7769.8
27/03/2023,SLBA,2917.9
27/03/2023,TTLS,4842.6
28/03/2023,CIEI,2515.9
28/03/2023,ORAC,7194.4
28/03/2023,SCCS,4617.8
28/03/2023,SDCI,7784.9
28/03/2023,SLBA,2871.7
28/03/2023,TTLS,4778.6
29/03/2023,CIEI,2507.8
29/03/2023,ORAC,7245.5
29/03/2023,SCCS,4591.7
29/03/2023,SDCI,7852.0
29/03/2023,SLBA,2906.6
29/03/2023,TTLS,4805.0
30/03/2023,CIEI,2494.5
30/03/2023,ORAC,7306.0
30/03/2023,SCCS,4661.6
30/03/2023,SDCI,7805.7
30/03/2023,SLBA,2960.8
30/03/2023,TTLS,4849.9
31/03/2023,CIEI,2541.3
31/03/2023,ORAC,7129.3
31/03/2023,SCCS,4659.8
31/03/2023,SDCI,7862.4
31/03/2023,SLBA,3000.9
31/03/2023,TTLS,5006.3
03/04/2023,CIEI,2549.5
03/04/2023,ORAC,7119.8
03/04/2023,SCCS,4688.4
03/04/2023,SDCI,7895.1
03/04/2023,SLBA,2972.9
03/04/2023,TTLS,5029.6
04/04/2023,CIEI,2606.2
04/04/2023,ORAC,7222.7
04/04/2023,SCCS,4725.8
04/04/2023,SDCI,7576.8
04/04/2023,SLBA,2945.8
04/04/2023,TTLS,5055.8
05/04/2023,CIEI,2598.7
05/04/2023,ORAC,7083.1
05/04/2023,SCCS,4674.7
05/04/2023,SDCI,7613.4
05/04/2023,SLBA,2982.1
05/04/2023,TTLS,5209.6
06/04/2023,CIEI,2639.6
06/04/2023,ORAC,7217.0
06/04/2023,SCCS,4627.7
06/04/2023,SDCI,7671.9
06/04/2023,SLBA,3020.9
06/04/2023,TTLS,5228.6
07/04/2023,CIEI,2583.7
07/04/2023,ORAC,7181.7
07/04/2023,SCCS,4625.6
07/04/2023,SDCI,7852.9
07/04/2023,SLBA,3069.4
07/04/2023,TTLS,5199.7
10/04/2023,CIEI,2567.3
10/04/2023,ORAC,7237.5
10/04/2023,SCCS,4697.6
10/04/2023,SDCI,7760.2
10/04/2023,SLBA,3117.6
10/04/2023,TTLS,5239.2
11/04/2023,CIEI,2564.1
11/04/2023,ORAC,7231.8
11/04/2023,SCCS,4637.5
11/04/2023,SDCI,7774.0
11/04/2023,SLBA,3113.8
11/04/2023,TTLS,5324.5
12/04/2023,CIEI,2538.8
12/04/2023,ORAC,7266.7
12/04/2023,SCCS,4580.3
12/04/2023,SDCI,7811.2
12/04/2023,SLBA,3097.4
12/04/2023,TTLS,5352.3
13/04/2023,CIEI,2533.7
13/04/2023,ORAC,7416.3
13/04/2023,SCCS,4525.5
13/04/2023,SDCI,7727.4
13/04/2023,SLBA,3022.9
13/04/2023,TTLS,5205.3
14/04/2023,CIEI,2497.6
14/04/2023,ORAC,7378.4
14/04/2023,SCCS,4504.2
14/04/2023,SDCI,7841.3
14/04/2023,SLBA,3054.0
14/04/2023,TTLS,5180.9
17/04/2023,CIEI,2490.7
17/04/2023,ORAC,7572.9
17/04/2023,SCCS,4446.1
17/04/2023,SDCI,7887.9
17/04/2023,SLBA,3144.6
17/04/2023,TTLS,5286.6
18/04/2023,CIEI,2464.9
18/04/2023,ORAC,7488.3
18/04/2023,SCCS,4402.1
18/04/2023,SDCI,7819.2
18/04/2023,SLBA,3125.9
18/04/2023,TTLS,5229.8
19/04/2023,CIEI,2464.0
19/04/2023,ORAC,7386.7
19/04/2023,SCCS,4430.7
19/04/2023,SDCI,7714.3
19/04/2023,SLBA,3106.8
19/04/2023,TTLS,5322.9
20/04/2023,CIEI,2452.2
20/04/2023,ORAC,7480.6
20/04/2023,SCCS,4372.3
20/04/2023,SDCI,7681.5
20/04/2023,SLBA,3133.3
20/04/2023,TTLS,5352.4
21/04/2023,CIEI,2414.5
21/04/2023,ORAC,7363.0
21/04/2023,SCCS,4372.1
21/04/2023,SDCI,7900.5
21/04/2023,SLBA,3148.8
21/04/2023,TTLS,5289.4
24/04/2023,CIEI,2398.9
24/04/2023,ORAC,7329.2
24/04/2023,SCCS,4309.7
24/04/2023,SDCI,8105.8
24/04/2023,SLBA,3092.9
24/04/2023,TTLS,5378.0
25/04/2023,CIEI,2399.2
25/04/2023,ORAC,7445.3
25/04/2023,SCCS,4299.5
25/04/2023,SDCI,7875.3
25/04/2023,SLBA,3064.4
25/04/2023,TTLS,5185.3
26/04/2023,CIEI,2352.4
26/04/2023,ORAC,7599.5
26/04/2023,SCCS,4327.0
26/04/2023,SDCI,7711.9
26/04/2023,SLBA,3020.9
26/04/2023,TTLS,5004.3
27/04/2023,CIEI,2355.1
27/04/2023,ORAC,7393.8
27/04/2023,SCCS,4221.8
27/04/2023,SDCI,7777.4
27/04/2023,SLBA,3100.6
27/04/2023,TTLS,4877.9
28/04/2023,CIEI,2398.8
28/04/2023,ORAC,7463.6
28/04/2023,SCCS,4224.9
28/04/2023,SDCI,7772.7
28/04/2023,SLBA,3071.9
28/04/2023,TTLS,4936.2
01/05/2023,CIEI,2389.8
01/05/2023,ORAC,7698.5
01/05/2023,SCCS,4236.7
01/05/2023,SDCI,7719.7
01/05/2023,SLBA,3106.2
01/05/2023,TTLS,4924.1
02/05/2023,CIEI,2408.9
02/05/2023,ORAC,7856.0
02/05/2023,SCCS,4234.0
02/05/2023,SDCI,7779.5
02/05/2023,SLBA,3183.9
02/05/2023,TTLS,4991.9
03/05/2023,CIEI,2430.8
03/05/2023,ORAC,7836.3
03/05/2023,SCCS,4247.5
03/05/2023,SDCI,7793.3
03/05/2023,SLBA,3262.6
03/05/2023,TTLS,4997.3
04/05/2023,CIEI,2400.7
04/05/2023,ORAC,7771.4
04/05/2023,SCCS,4269.2
04/05/2023,SDCI,7824.7
04/05/2023,SLBA,3323.3
04/05/2023,TTLS,5021.4
05/05/2023,CIEI,2447.8
05/05/2023,ORAC,7745.0
05/05/2023,SCCS,4202.2
05/05/2023,SDCI,7854.2
05/05/2023,SLBA,3394.0
05/05/2023,TTLS,4986.9
08/05/2023,CIEI,2539.8
08/05/2023,ORAC,7612.4
08/05/2023,SCCS,4196.2
08/05/2023,SDCI,7758.8
08/05/2023,SLBA,3339.7
08/05/2023,TTLS,4964.1
09/05/2023,CIEI,2499.7
09/05/2023,ORAC,7590.4
09/05/2023,SCCS,4229.5
09/05/2023,SDCI,7883.8
09/05/2023,SLBA,3325.0
09/05/2023,TTLS,5064.0
10/05/2023,CIEI,2579.9
10/05/2023,ORAC,7577.8
10/05/2023,SCCS,4296.3
10/05/2023,SDCI,7846.3
10/05/2023,SLBA,3293.8
10/05/2023,TTLS,5146.0
11/05/2023,CIEI,2551.6
11/05/2023,ORAC,7570.2
11/05/2023,SCCS,4225.5
11/05/2023,SDCI,7955.9
11/05/2023,SLBA,3281.6
11/05/2023,TTLS,5036.4
12/05/2023,CIEI,2606.9
12/05/2023,ORAC,7723.6
12/05/2023,SCCS,4195.3
12/05/2023,SDCI,8025.7
12/05/2023,SLBA,3393.7
12/05/2023,TTLS,5100.6
15/05/2023,CIEI,2534.9
15/05/2023,ORAC,7705.5
15/05/2023,SCCS,4126.0
15/05/2023,SDCI,8034.5
15/05/2023,SLBA,3319.9
15/05/2023,TTLS,5297.4
16/05/2023,CIEI,2577.6
16/05/2023,ORAC,7536.0
16/05/2023,SCCS,4125.4
16/05/2023,SDCI,8052.9
16/05/2023,SLBA,3344.3
16/05/2023,TTLS,5382.1
17/05/2023,CIEI,2582.2
17/05/2023,ORAC,7672.8
17/05/2023,SCCS,4072.1
17/05/2023,SDCI,8053.7
17/05/2023,SLBA,3290.8
17/05/2023,TTLS,5304.9
18/05/2023,CIEI,2531.5
18/05/2023,ORAC,7551.4
18/05/2023,SCCS,4023.8
18/05/2023,SDCI,7884.6
18/05/2023,SLBA,3348.3
18/05/2023,TTLS,5388.5
19/05/2023,CIEI,2499.3
19/05/2023,ORAC,7507.4
19/05/2023,SCCS,4061.9
19/05/2023,SDCI,7859.6
19/05/2023,SLBA,3405.2
19/05/2023,TTLS,5422.8
22/05/2023,CIEI,2459.0
22/05/2023,ORAC,7501.4
22/05/2023,SCCS,4172.9
22/05/2023,SDCI,7904.3
22/05/2023,SLBA,3382.8
22/05/2023,TTLS,5405.4
23/05/2023,CIEI,2424.9
23/05/2023,ORAC,7470.1
23/05/2023,SCCS,4068.8
23/05/2023,SDCI,7759.5
23/05/2023,SLBA,3474.1
23/05/2023,TTLS,5512.6
24/05/2023,CIEI,2438.0
24/05/2023,ORAC,7360.2
24/05/2023,SCCS,4150.5
24/05/2023,SDCI,7628.4
24/05/2023,SLBA,3477.7
24/05/2023,TTLS,5647.1
25/05/2023,CIEI,2430.6
25/05/2023,ORAC,7340.7
25/05/2023,SCCS,4104.6
25/05/2023,SDCI,7730.3
25/05/2023,SLBA,3536.9
25/05/2023,TTLS,5608.6
26/05/2023,CIEI,2338.0
26/05/2023,ORAC,7607.1
26/05/2023,SCCS,4139.0
26/05/2023,SDCI,7808.9
26/05/2023,SLBA,3551.5
26/05/2023,TTLS,5634.8
29/05/2023,CIEI,2326.3
29/05/2023,ORAC,7543.4
29/05/2023,SCCS,4157.1
29/05/2023,SDCI,7671.8
29/05/2023,SLBA,3525.9
29/05/2023,TTLS,5609.3
30/05/2023,CIEI,2342.0
30/05/2023,ORAC,7537.0
30/05/2023,SCCS,4219.8
30/05/2023,SDCI,7718.3
30/05/2023,SLBA,3508.8
30/05/2023,TTLS,5623.7
31/05/2023,CIEI,2344.4
31/05/2023,ORAC,7682.6
31/05/2023,SCCS,4209.6
31/05/2023,SDCI,7718.8
31/05/2023,SLBA,3503.7
31/05/2023,TTLS,5797.5
01/06/2023,CIEI,2403.4
01/06/2023,ORAC,7784.4
01/06/2023,SCCS,4167.6
01/06/2023,SDCI,7812.5
01/06/2023,SLBA,3532.1
01/06/2023,TTLS,5767.3
02/06/2023,CIEI,2336.1
02/06/2023,ORAC,7889.9
02/06/2023,SCCS,4164.9
02/06/2023,SDCI,7787.7
02/06/2023,SLBA,3538.1
02/06/2023,TTLS,5840.2
05/06/2023,CIEI,2344.0
05/06/2023,ORAC,8009.3
05/06/2023,SCCS,4205.1
05/06/2023,SDCI,7772.3
05/06/2023,SLBA,3647.0
05/06/2023,TTLS,5881.7
06/06/2023,CIEI,2344.3
06/06/2023,ORAC,7767.8
06/06/2023,SCCS,4160.0
06/06/2023,SDCI,7708.6
06/06/2023,SLBA,3638.1
06/06/2023,TTLS,5905.1
07/06/2023,CIEI,2369.1
07/06/2023,ORAC,7670.7
07/06/2023,SCCS,4181.0
07/06/2023,SDCI,7729.9
07/06/2023,SLBA,3616.3
07/06/2023,TTLS,5801.5
08/06/2023,CIEI,2320.6
08/06/2023,ORAC,7696.7
08/06/2023,SCCS,4181.1
08/06/2023,SDCI,7723.3
08/06/2023,SLBA,3582.8
08/06/2023,TTLS,5880.3
09/06/2023,CIEI,2274.1
09/06/2023,ORAC,7768.5
09/06/2023,SCCS,4190.6
09/06/2023,SDCI,7668.6
09/06/2023,SLBA,3546.9
09/06/2023,TTLS,5780.1
12/06/2023,CIEI,2267.6
12/06/2023,ORAC,7939.7
12/06/2023,SCCS,4191.5
12/06/2023,SDCI,7642.2
12/06/2023,SLBA,3480.8
12/06/2023,TTLS,5869.2
13/06/2023,CIEI,2269.5
13/06/2023,ORAC,8010.0
13/06/2023,SCCS,4222.6
13/06/2023,SDCI,7579.2
13/06/2023,SLBA,3436.4
13/06/2023,TTLS,5874.4
14/06/2023,CIEI,2206.8
14/06/2023,ORAC,7990.1
14/06/2023,SCCS,4264.3
14/06/2023,SDCI,7639.7
14/06/2023,SLBA,3477.2
14/06/2023,TTLS,5903.5
15/06/2023,CIEI,2218.3
15/06/2023,ORAC,8005.8
15/06/2023,SCCS,4249.8
15/06/2023,SDCI,7551.7
15/06/2023,SLBA,3480.2
15/06/2023,TTLS,5869.8
16/06/2023,CIEI,2217.4
16/06/2023,ORAC,7989.5
16/06/2023,SCCS,4232.1
16/06/2023,SDCI,7417.9
16/06/2023,SLBA,3472.7
16/06/2023,TTLS,5795.0
19/06/2023,CIEI,2241.3
19/06/2023,ORAC,8031.8
19/06/2023,SCCS,4122.3
19/06/2023,SDCI,7338.3
19/06/2023,SLBA,3488.8
19/06/2023,TTLS,5703.7
20/06/2023,CIEI,2152.3
20/06/2023,ORAC,8129.1
20/06/2023,SCCS,4078.8
20/06/2023,SDCI,7436.7
20/06/2023,SLBA,3537.5
20/06/2023,TTLS,5719.0
21/06/2023,CIEI,2167.9
21/06/2023,ORAC,8095.8
21/06/2023,SCCS,4003.8
21/06/2023,SDCI,7396.9
21/06/2023,SLBA,3566.1
21/06/2023,TTLS,5724.7
22/06/2023,CIEI,2138.2
22/06/2023,ORAC,8001.2
22/06/2023,SCCS,4037.1
22/06/2023,SDCI,7458.1
22/06/2023,SLBA,3602.2
22/06/2023,TTLS,5768.0
23/06/2023,CIEI,2122.2
23/06/2023,ORAC,7902.5
23/06/2023,SCCS,3984.7
23/06/2023,SDCI,7527.5
23/06/2023,SLBA,3576.3
23/06/2023,TTLS,5752.9
26/06/2023,CIEI,2146.5
26/06/2023,ORAC,8051.7
26/06/2023,SCCS,3951.4
26/06/2023,SDCI,7487.0
26/06/2023,SLBA,3564.4
26/06/2023,TTLS,5846.3
27/06/2023,CIEI,2200.6
27/06/2023,ORAC,8227.5
27/06/2023,SCCS,3977.2
27/06/2023,SDCI,7558.5
27/06/2023,SLBA,3528.7
27/06/2023,TTLS,5875.8
28/06/2023,CIEI,2205.0
28/06/2023,ORAC,8369.1
28/06/2023,SCCS,4025.6
28/06/2023,SDCI,7608.3
28/06/2023,SLBA,3524.6
28/06/2023,TTLS,5903.1
29/06/2023,CIEI,2200.7
29/06/2023,ORAC,8495.1
29/06/2023,SCCS,4085.5
29/06/2023,SDCI,7609.2
29/06/2023,SLBA,3487.4
29/06/2023,TTLS,5892.5
30/06/2023,CIEI,2243.5
30/06/2023,ORAC,8619.7
30/06/2023,SCCS,4043.7
30/06/2023,SDCI,7550.6
30/06/2023,SLBA,3470.8
30/06/2023,TTLS,5905.3
03/07/2023,CIEI,2212.5
03/07/2023,ORAC,8630.9
03/07/2023,SCCS,4055.9
03/07/2023,SDCI,7549.9
03/07/2023,SLBA,3463.1
03/07/2023,TTLS,5988.3
04/07/2023,CIEI,2206.7
04/07/2023,ORAC,8734.1
04/07/2023,SCCS,4108.9
04/07/2023,SDCI,7440.3
04/07/2023,SLBA,3453.7
04/07/2023,TTLS,5928.5
05/07/2023,CIEI,2189.2
05/07/2023,ORAC,8598.7
05/07/2023,SCCS,4067.2
05/07/2023,SDCI,7420.8
05/07/2023,SLBA,3442.0
05/07/2023,TTLS,5816.6
06/07/2023,CIEI,2156.0
06/07/2023,ORAC,8582.3
06/07/2023,SCCS,4056.5
06/07/2023,SDCI,7374.5
06/07/2023,SLBA,3420.3
06/07/2023,TTLS,5871.0
07/07/2023,CIEI,2161.7
07/07/2023,ORAC,8493.0
07/07/2023,SCCS,3997.0
07/07/2023,SDCI,7417.3
07/07/2023,SLBA,3478.8
07/07/2023,TTLS,5929.5
10/07/2023,CIEI,2227.5
10/07/2023,ORAC,8603.1
10/07/2023,SCCS,3966.4
10/07/2023,SDCI,7451.9
10/07/2023,SLBA,3463.6
10/07/2023,TTLS,5947.3
11/07/2023,CIEI,2235.1
11/07/2023,ORAC,8534.8
11/07/2023,SCCS,4000.9
11/07/2023,SDCI,7400.1
11/07/2023,SLBA,3418.3
11/07/2023,TTLS,5987.7
12/07/2023,CIEI,2251.3
12/07/2023,ORAC,8531.4
12/07/2023,SCCS,4005.9
12/07/2023,SDCI,7480.3
12/07/2023,SLBA,3427.2
12/07/2023,TTLS,5864.0
13/07/2023,CIEI,2249.5
13/07/2023,ORAC,8597.4
13/07/2023,SCCS,3988.7
13/07/2023,SDCI,7590.4
13/07/2023,SLBA,3378.9
13/07/2023,TTLS,5777.4
14/07/2023,CIEI,2287.1
14/07/2023,ORAC,8795.3
14/07/2023,SCCS,3962.2
14/07/2023,SDCI,7601.0
14/07/2023,SLBA,3332.1
14/07/2023,TTLS,5791.5
17/07/2023,CIEI,2292.6
17/07/2023,ORAC,8695.6
17/07/2023,SCCS,4035.7
17/07/2023,SDCI,7539.2
17/07/2023,SLBA,3336.0
17/07/2023,TTLS,5802.6
18/07/2023,CIEI,2261.4
18/07/2023,ORAC,8576.6
18/07/2023,SCCS,4073.1
18/07/2023,SDCI,7588.9
18/07/2023,SLBA,3263.9
18/07/2023,TTLS,5689.1
19/07/2023,CIEI,2264.1
19/07/2023,ORAC,8700.2
19/07/2023,SCCS,4012.5
19/07/2023,SDCI,7374.5
19/07/2023,SLBA,3127.6
19/07/2023,TTLS,5750.2
20/07/2023,CIEI,2312.5
20/07/2023,ORAC,8557.8
20/07/2023,SCCS,4118.5
20/07/2023,SDCI,7328.1
20/07/2023,SLBA,3139.6
20/07/2023,TTLS,5570.4
21/07/2023,CIEI,2308.8
21/07/2023,ORAC,8631.2
21/07/2023,SCCS,4098.4
21/07/2023,SDCI,7383.1
21/07/2023,SLBA,3182.0
21/07/2023,TTLS,5706.9
24/07/2023,CIEI,2349.9
24/07/2023,ORAC,8564.0
24/07/2023,SCCS,4091.5
24/07/2023,SDCI,7562.5
24/07/2023,SLBA,3113.2
24/07/2023,TTLS,5614.6
25/07/2023,CIEI,2346.7
25/07/2023,ORAC,8561.0
25/07/2023,SCCS,4067.7
25/07/2023,SDCI,7501.2
25/07/2023,SLBA,3077.1
25/07/2023,TTLS,5572.6
26/07/2023,CIEI,2417.7
26/07/2023,ORAC,8323.0
26/07/2023,SCCS,4040.1
26/07/2023,SDCI,7641.4
26/07/2023,SLBA,3100.4
26/07/2023,TTLS,5483.2
27/07/2023,CIEI,2427.3
27/07/2023,ORAC,8429.1
27/07/2023,SCCS,4072.0
27/07/2023,SDCI,7856.6
27/07/2023,SLBA,3020.6
27/07/2023,TTLS,5365.8
28/07/2023,CIEI,2450.5
28/07/2023,ORAC,8372.9
28/07/2023,SCCS,4001.2
28/07/2023,SDCI,8036.6
28/07/2023,SLBA,2986.5
28/07/2023,TTLS,5348.6
31/07/2023,CIEI,2439.0
31/07/2023,ORAC,8263.7
31/07/2023,SCCS,4003.3
31/07/2023,SDCI,7817.2
31/07/2023,SLBA,2940.0
31/07/2023,TTLS,5182.1
01/08/2023,CIEI,2469.0
01/08/2023,ORAC,8549.4
01/08/2023,SCCS,3988.0
01/08/2023,SDCI,7923.9
01/08/2023,SLBA,2932.6
01/08/2023,TTLS,5163.9
02/08/2023,CIEI,2459.8
02/08/2023,ORAC,8658.2
02/08/2023,SCCS,4072.8
02/08/2023,SDCI,7946.7
02/08/2023,SLBA,2857.6
02/08/2023,TTLS,5192.0
03/08/2023,CIEI,2404.1
03/08/2023,ORAC,9155.8
03/08/2023,SCCS,4092.7
03/08/2023,SDCI,8047.0
03/08/2023,SLBA,2891.1
03/08/2023,TTLS,5177.3
04/08/2023,CIEI,2414.4
04/08/2023,ORAC,9227.8
04/08/2023,SCCS,4114.9
04/08/2023,SDCI,8035.0
04/08/2023,SLBA,2885.9
04/08/2023,TTLS,5187.9
07/08/2023,CIEI,2369.7
07/08/2023,ORAC,9188.7
07/08/2023,SCCS,4141.8
07/08/2023,SDCI,7981.4
07/08/2023,SLBA,2897.5
07/08/2023,TTLS,5067.7
08/08/2023,CIEI,2421.9
08/08/2023,ORAC,9216.9
08/08/2023,SCCS,4172.2
08/08/2023,SDCI,7964.8
08/08/2023,SLBA,2885.4
08/08/2023,TTLS,4914.0
09/08/2023,CIEI,2450.1
09/08/2023,ORAC,9466.1
09/08/2023,SCCS,4179.1
09/08/2023,SDCI,8111.4
09/08/2023,SLBA,2806.0
09/08/2023,TTLS,4810.6
10/08/2023,CIEI,2450.0
10/08/2023,ORAC,9474.7
10/08/2023,SCCS,4055.8
10/08/2023,SDCI,8197.2
10/08/2023,SLBA,2800.7
10/08/2023,TTLS,4912.5
11/08/2023,CIEI,2474.7
11/08/2023,ORAC,9555.7
11/08/2023,SCCS,4077.3
11/08/2023,SDCI,8173.7
11/08/2023,SLBA,2752.1
11/08/2023,TTLS,4951.8
14/08/2023,CIEI,2377.1
14/08/2023,ORAC,9647.5
14/08/2023,SCCS,4062.1
14/08/2023,SDCI,8215.7
14/08/2023,SLBA,2752.7
14/08/2023,TTLS,4806.6
15/08/2023,CIEI,2431.5
15/08/2023,ORAC,9519.9
15/08/2023,SCCS,4097.4
15/08/2023,SDCI,8304.9
15/08/2023,SLBA,2722.4
15/08/2023,TTLS,4963.6
16/08/2023,CIEI,2406.9
16/08/2023,ORAC,9552.2
16/08/2023,SCCS,4113.4
16/08/2023,SDCI,8365.8
16/08/2023,SLBA,2711.4
16/08/2023,TTLS,5031.0
17/08/2023,CIEI,2430.5
17/08/2023,ORAC,9488.2
17/08/2023,SCCS,4086.8
17/08/2023,SDCI,8366.7
17/08/2023,SLBA,2704.2
17/08/2023,TTLS,5139.9
18/08/2023,CIEI,2523.7
18/08/2023,ORAC,9311.8
18/08/2023,SCCS,4043.3
18/08/2023,SDCI,8306.5
18/08/2023,SLBA,2731.6
18/08/2023,TTLS,5244.4
21/08/2023,CIEI,2461.4
21/08/2023,ORAC,9454.1
21/08/2023,SCCS,3994.2
21/08/2023,SDCI,8238.4
21/08/2023,SLBA,2759.0
21/08/2023,TTLS,5378.0
22/08/2023,CIEI,2445.3
22/08/2023,ORAC,9567.4
22/08/2023,SCCS,4008.6
22/08/2023,SDCI,8200.7
22/08/2023,SLBA,2723.2
22/08/2023,TTLS,5229.8
23/08/2023,CIEI,2457.1
23/08/2023,ORAC,9591.6
23/08/2023,SCCS,4004.1
23/08/2023,SDCI,8151.8
23/08/2023,SLBA,2722.8
23/08/2023,TTLS,5249.5
24/08/2023,CIEI,2472.0
24/08/2023,ORAC,9465.2
24/08/2023,SCCS,3961.8
24/08/2023,SDCI,8004.0
24/08/2023,SLBA,2774.7
24/08/2023,TTLS,5189.9
25/08/2023,CIEI,2408.2
25/08/2023,ORAC,9174.1
25/08/2023,SCCS,3945.0
25/08/2023,SDCI,7874.4
25/08/2023,SLBA,2792.7
25/08/2023,TTLS,5380.3
28/08/2023,CIEI,2373.6
28/08/2023,ORAC,9257.6
28/08/2023,SCCS,3962.3
28/08/2023,SDCI,7961.2
28/08/2023,SLBA,2766.4
28/08/2023,TTLS,5458.6
29/08/2023,CIEI,2426.1
29/08/2023,ORAC,9255.5
29/08/2023,SCCS,3931.1
29/08/2023,SDCI,7860.1
29/08/2023,SLBA,2762.3
29/08/2023,TTLS,5471.2
30/08/2023,CIEI,2403.3
30/08/2023,ORAC,9018.5
30/08/2023,SCCS,3925.7
30/08/2023,SDCI,7742.3
30/08/2023,SLBA,2750.0
30/08/2023,TTLS,5459.7
31/08/2023,CIEI,2422.7
31/08/2023,ORAC,9021.9
31/08/2023,SCCS,3897.4
31/08/2023,SDCI,7743.0
31/08/2023,SLBA,2783.9
31/08/2023,TTLS,5268.4
01/09/2023,CIEI,2371.9
01/09/2023,ORAC,8814.3
01/09/2023,SCCS,3775.8
01/09/2023,SDCI,7880.8
01/09/2023,SLBA,2785.3
01/09/2023,TTLS,5290.5
04/09/2023,CIEI,2338.5
04/09/2023,ORAC,8822.4
04/09/2023,SCCS,3780.6
04/09/2023,SDCI,8003.6
04/09/2023,SLBA,2799.1
04/09/2023,TTLS,5224.4
05/09/2023,CIEI,2273.5
05/09/2023,ORAC,8854.3
05/09/2023,SCCS,3784.1
05/09/2023,SDCI,7969.1
05/09/2023,SLBA,2879.8
05/09/2023,TTLS,5362.7
06/09/2023,CIEI,2282.1
06/09/2023,ORAC,8916.4
06/09/2023,SCCS,3821.9
06/09/2023,SDCI,7875.9
06/09/2023,SLBA,2828.5
06/09/2023,TTLS,5445.9
07/09/2023,CIEI,2321.2
07/09/2023,ORAC,8959.3
07/09/2023,SCCS,3882.7
07/09/2023,SDCI,7830.3
07/09/2023,SLBA,2791.4
07/09/2023,TTLS,5451.3
08/09/2023,CIEI,2323.8
08/09/2023,ORAC,8995.8
08/09/2023,SCCS,3849.3
08/09/2023,SDCI,7750.2
08/09/2023,SLBA,2728.8
08/09/2023,TTLS,5426.4
11/09/2023,CIEI,2313.5
11/09/2023,ORAC,8843.7
11/09/2023,SCCS,3877.7
11/09/2023,SDCI,7704.1
11/09/2023,SLBA,2672.5
11/09/2023,TTLS,5545.6
12/09/2023,CIEI,2321.2
12/09/2023,ORAC,8801.3
12/09/2023,SCCS,3890.9
12/09/2023,SDCI,7752.7
12/09/2023,SLBA,2702.5
12/09/2023,TTLS,5506.5
13/09/2023,CIEI,2336.9
13/09/2023,ORAC,8741.0
13/09/2023,SCCS,3895.2
13/09/2023,SDCI,7659.2
13/09/2023,SLBA,2713.0
13/09/2023,TTLS,5626.9
14/09/2023,CIEI,2325.9
14/09/2023,ORAC,8719.7
14/09/2023,SCCS,3934.9
14/09/2023,SDCI,7592.6
14/09/2023,SLBA,2770.7
14/09/2023,TTLS,5660.9
15/09/2023,CIEI,2344.7
15/09/2023,ORAC,8769.1
15/09/2023,SCCS,3977.2
15/09/2023,SDCI,7573.6
15/09/2023,SLBA,2699.8
15/09/2023,TTLS,5645.6
18/09/2023,CIEI,2413.1
18/09/2023,ORAC,8867.6
18/09/2023,SCCS,3917.0
18/09/2023,SDCI,7575.6
18/09/2023,SLBA,2669.1
18/09/2023,TTLS,5696.0
19/09/2023,CIEI,2493.3
19/09/2023,ORAC,9111.5
19/09/2023,SCCS,3987.6
19/09/2023,SDCI,7510.8
19/09/2023,SLBA,2719.4
19/09/2023,TTLS,5885.8
20/09/2023,CIEI,2471.0
20/09/2023,ORAC,8749.2
20/09/2023,SCCS,3979.8
20/09/2023,SDCI,7444.6
20/09/2023,SLBA,2756.0
20/09/2023,TTLS,5732.8
21/09/2023,CIEI,2423.2
21/09/2023,ORAC,8817.0
21/09/2023,SCCS,3948.4
21/09/2023,SDCI,7348.8
21/09/2023,SLBA,2787.9
21/09/2023,TTLS,5822.5
22/09/2023,CIEI,2492.5
22/09/2023,ORAC,8800.8
22/09/2023,SCCS,3916.1
22/09/2023,SDCI,7287.3
22/09/2023,SLBA,2819.7
22/09/2023,TTLS,5912.7
25/09/2023,CIEI,2528.7
25/09/2023,ORAC,9133.1
25/09/2023,SCCS,3906.1
25/09/2023,SDCI,7337.0
25/09/2023,SLBA,2821.1
25/09/2023,TTLS,5899.7
26/09/2023,CIEI,2574.4
26/09/2023,ORAC,9281.7
26/09/2023,SCCS,3853.8
26/09/2023,SDCI,7320.0
26/09/2023,SLBA,2821.0
26/09/2023,TTLS,6066.9
27/09/2023,CIEI,2597.1
27/09/2023,ORAC,9048.6
27/09/2023,SCCS,3905.2
27/09/2023,SDCI,7053.2
27/09/2023,SLBA,2822.4
27/09/2023,TTLS,6153.3
28/09/2023,CIEI,2587.5
28/09/2023,ORAC,9118.8
28/09/2023,SCCS,3926.1
28/09/2023,SDCI,7109.1
28/09/2023,SLBA,2853.5
28/09/2023,TTLS,6227.5
29/09/2023,CIEI,2624.9
29/09/2023,ORAC,9055.0
29/09/2023,SCCS,3884.0
29/09/2023,SDCI,7107.5
29/09/2023,SLBA,2847.7
29/09/2023,TTLS,6131.1
02/10/2023,CIEI,2668.4
02/10/2023,ORAC,9211.1
02/10/2023,SCCS,3923.4
02/10/2023,SDCI,7037.7
02/10/2023,SLBA,2859.8
02/10/2023,TTLS,6208.5
03/10/2023,CIEI,2715.0
03/10/2023,ORAC,9067.8
03/10/2023,SCCS,3935.3
03/10/2023,SDCI,7020.5
03/10/2023,SLBA,2914.1
03/10/2023,TTLS,6081.2
04/10/2023,CIEI,2669.7
04/10/2023,ORAC,9065.2
04/10/2023,SCCS,3939.9
04/10/2023,SDCI,6771.1
04/10/2023,SLBA,2871.6
04/10/2023,TTLS,6150.1
05/10/2023,CIEI,2710.4
05/10/2023,ORAC,9058.2
05/10/2023,SCCS,3986.3
05/10/2023,SDCI,6641.5
05/10/2023,SLBA,2843.9
05/10/2023,TTLS,6399.3
06/10/2023,CIEI,2695.3
06/10/2023,ORAC,9056.3
06/10/2023,SCCS,3982.6
06/10/2023,SDCI,6737.6
06/10/2023,SLBA,2865.0
06/10/2023,TTLS,6312.6
09/10/2023,CIEI,2679.9
09/10/2023,ORAC,8983.8
09/10/2023,SCCS,3970.8
09/10/2023,SDCI,6913.2
09/10/2023,SLBA,2855.4
09/10/2023,TTLS,6501.9
10/10/2023,CIEI,2693.4
10/10/2023,ORAC,8731.6
10/10/2023,SCCS,3995.7
10/10/2023,SDCI,7097.0
10/10/2023,SLBA,2849.8
10/10/2023,TTLS,6392.3
11/10/2023,CIEI,2678.5
11/10/2023,ORAC,8807.6
11/10/2023,SCCS,3908.0
11/10/2023,SDCI,7038.9
11/10/2023,SLBA,2927.8
11/10/2023,TTLS,6415.2
12/10/2023,CIEI,2771.4
12/10/2023,ORAC,8960.1
12/10/2023,SCCS,3852.0
12/10/2023,SDCI,7046.2
12/10/2023,SLBA,2943.8
12/10/2023,TTLS,6512.0
13/10/2023,CIEI,2794.2
13/10/2023,ORAC,8962.3
13/10/2023,SCCS,3876.3
13/10/2023,SDCI,7115.9
13/10/2023,SLBA,2928.1
13/10/2023,TTLS,6360.4
16/10/2023,CIEI,2804.7
16/10/2023,ORAC,8828.4
16/10/2023,SCCS,3927.1
16/10/2023,SDCI,7015.5
16/10/2023,SLBA,2970.1
16/10/2023,TTLS,6412.6
17/10/2023,CIEI,2795.8
17/10/2023,ORAC,8868.9
17/10/2023,SCCS,3848.0
17/10/2023,SDCI,7165.7
17/10/2023,SLBA,3067.5
17/10/2023,TTLS,6339.7
18/10/2023,CIEI,2805.6
18/10/2023,ORAC,8961.0
18/10/2023,SCCS,3849.3
18/10/2023,SDCI,7108.0
18/10/2023,SLBA,3023.5
18/10/2023,TTLS,6285.1
19/10/2023,CIEI,2795.0
19/10/2023,ORAC,8947.7
19/10/2023,SCCS,3819.2
19/10/2023,SDCI,7142.1
19/10/2023,SLBA,2997.4
19/10/2023,TTLS,6393.9
20/10/2023,CIEI,2818.8
20/10/2023,ORAC,8957.7
20/10/2023,SCCS,3806.9
20/10/2023,SDCI,7048.0
20/10/2023,SLBA,3002.2
20/10/2023,TTLS,6399.8
23/10/2023,CIEI,2854.7
23/10/2023,ORAC,9171.6
23/10/2023,SCCS,3835.2
23/10/2023,SDCI,7082.9
23/10/2023,SLBA,2977.6
23/10/2023,TTLS,6460.9
24/10/2023,CIEI,2890.0
24/10/2023,ORAC,9019.7
24/10/2023,SCCS,3905.0
24/10/2023,SDCI,7085.6
24/10/2023,SLBA,3061.9
24/10/2023,TTLS,6478.3
25/10/2023,CIEI,2834.5
25/10/2023,ORAC,8951.2
25/10/2023,SCCS,3988.9
25/10/2023,SDCI,7181.4
25/10/2023,SLBA,3083.1
25/10/2023,TTLS,6537.2
26/10/2023,CIEI,2819.5
26/10/2023,ORAC,8690.2
26/10/2023,SCCS,4035.2
26/10/2023,SDCI,7086.3
26/10/2023,SLBA,3067.3
26/10/2023,TTLS,6733.1
27/10/2023,CIEI,2822.3
27/10/2023,ORAC,8604.5
27/10/2023,SCCS,4067.1
27/10/2023,SDCI,7089.6
27/10/2023,SLBA,3087.1
27/10/2023,TTLS,6763.9
30/10/2023,CIEI,2769.5
30/10/2023,ORAC,8514.2
30/10/2023,SCCS,4075.0
30/10/2023,SDCI,7247.9
30/10/2023,SLBA,3055.4
30/10/2023,TTLS,6745.7
31/10/2023,CIEI,2784.5
31/10/2023,ORAC,8394.8
31/10/2023,SCCS,3983.9
31/10/2023,SDCI,7148.5
31/10/2023,SLBA,3031.6
31/10/2023,TTLS,6764.9
01/11/2023,CIEI,2777.7
01/11/2023,ORAC,8312.8
01/11/2023,SCCS,4003.6
01/11/2023,SDCI,7182.7
01/11/2023,SLBA,3036.0
01/11/2023,TTLS,6867.1
02/11/2023,CIEI,2779.4
02/11/2023,ORAC,8562.9
02/11/2023,SCCS,3946.8
02/11/2023,SDCI,7224.5
02/11/2023,SLBA,3130.5
02/11/2023,TTLS,6939.1
03/11/2023,CIEI,2794.7
03/11/2023,ORAC,8547.4
03/11/2023,SCCS,3894.4
03/11/2023,SDCI,7185.7
03/11/2023,SLBA,3039.2
03/11/2023,TTLS,6691.5
06/11/2023,CIEI,2767.6
06/11/2023,ORAC,8543.2
06/11/2023,SCCS,3900.8
06/11/2023,SDCI,7166.8
06/11/2023,SLBA,3056.0
06/11/2023,TTLS,6698.4
07/11/2023,CIEI,2831.8
07/11/2023,ORAC,8855.1
07/11/2023,SCCS,3827.2
07/11/2023,SDCI,7292.2
07/11/2023,SLBA,3109.9
07/11/2023,TTLS,6765.9
08/11/2023,CIEI,2875.4
08/11/2023,ORAC,8858.4
08/11/2023,SCCS,3909.7
08/11/2023,SDCI,7395.9
08/11/2023,SLBA,3140.1
08/11/2023,TTLS,7095.5
09/11/2023,CIEI,2850.7
09/11/2023,ORAC,8624.5
09/11/2023,SCCS,3938.8
09/11/2023,SDCI,7450.4
09/11/2023,SLBA,3218.8
09/11/2023,TTLS,7037.4
10/11/2023,CIEI,2870.0
10/11/2023,ORAC,8691.6
10/11/2023,SCCS,3956.9
10/11/2023,SDCI,7478.5
10/11/2023,SLBA,3237.9
10/11/2023,TTLS,7019.8
13/11/2023,CIEI,2901.4
13/11/2023,ORAC,8572.9
13/11/2023,SCCS,3980.7
13/11/2023,SDCI,7381.2
13/11/2023,SLBA,3244.3
13/11/2023,TTLS,6892.2
14/11/2023,CIEI,2867.1
14/11/2023,ORAC,8809.1
14/11/2023,SCCS,3993.1
14/11/2023,SDCI,7393.5
14/11/2023,SLBA,3239.1
14/11/2023,TTLS,6900.0
15/11/2023,CIEI,2851.0
15/11/2023,ORAC,8645.3
15/11/2023,SCCS,3997.0
15/11/2023,SDCI,7556.5
15/11/2023,SLBA,3203.2
15/11/2023,TTLS,6699.9
16/11/2023,CIEI,2880.3
16/11/2023,ORAC,8576.6
16/11/2023,SCCS,4031.9
16/11/2023,SDCI,7656.2
16/11/2023,SLBA,3271.6
16/11/2023,TTLS,6615.8
17/11/2023,CIEI,2767.3
17/11/2023,ORAC,8367.6
17/11/2023,SCCS,4000.0
17/11/2023,SDCI,7535.8
17/11/2023,SLBA,3221.5
17/11/2023,TTLS,6621.8
20/11/2023,CIEI,2711.6
20/11/2023,ORAC,8391.9
20/11/2023,SCCS,4013.9
20/11/2023,SDCI,7352.9
20/11/2023,SLBA,3216.6
20/11/2023,TTLS,6459.9
21/11/2023,CIEI,2724.3
21/11/2023,ORAC,8266.7
21/11/2023,SCCS,4022.8
21/11/2023,SDCI,7298.5
21/11/2023,SLBA,3195.0
21/11/2023,TTLS,6444.2
22/11/2023,CIEI,2749.0
22/11/2023,ORAC,8269.1
22/11/2023,SCCS,4061.4
22/11/2023,SDCI,7317.1
22/11/2023,SLBA,3162.6
22/11/2023,TTLS,6380.8
23/11/2023,CIEI,2709.9
23/11/2023,ORAC,8230.3
23/11/2023,SCCS,4008.2
23/11/2023,SDCI,7272.9
23/11/2023,SLBA,3071.5
23/11/2023,TTLS,6538.4
24/11/2023,CIEI,2744.3
24/11/2023,ORAC,8160.6
24/11/2023,SCCS,4020.9
24/11/2023,SDCI,7250.3
24/11/2023,SLBA,3056.5
24/11/2023,TTLS,6738.9
27/11/2023,CIEI,2835.2
27/11/2023,ORAC,8294.6
27/11/2023,SCCS,4015.5
27/11/2023,SDCI,7284.2
27/11/2023,SLBA,3062.2
27/11/2023,TTLS,7007.6
28/11/2023,CIEI,2843.4
28/11/2023,ORAC,8429.9
28/11/2023,SCCS,4046.8
28/11/2023,SDCI,7366.6
28/11/2023,SLBA,3068.1
28/11/2023,TTLS,7041.5
29/11/2023,CIEI,2840.9
29/11/2023,ORAC,8449.5
29/11/2023,SCCS,4074.0
29/11/2023,SDCI,7389.3
29/11/2023,SLBA,3102.0
29/11/2023,TTLS,7141.9
30/11/2023,CIEI,2843.1
30/11/2023,ORAC,8339.1
30/11/2023,SCCS,4083.9
30/11/2023,SDCI,7504.4
30/11/2023,SLBA,3095.7
30/11/2023,TTLS,7459.3
01/12/2023,CIEI,2798.9
01/12/2023,ORAC,8207.4
01/12/2023,SCCS,4107.4
01/12/2023,SDCI,7380.5
01/12/2023,SLBA,3070.2
01/12/2023,TTLS,7391.1
04/12/2023,CIEI,2821.5
04/12/2023,ORAC,8253.8
04/12/2023,SCCS,4130.2
04/12/2023,SDCI,7426.1
04/12/2023,SLBA,3082.7
04/12/2023,TTLS,7631.6
05/12/2023,CIEI,2828.4
05/12/2023,ORAC,8580.6
05/12/2023,SCCS,4199.0
05/12/2023,SDCI,7468.2
05/12/2023,SLBA,3109.6
05/12/2023,TTLS,7525.6
06/12/2023,CIEI,2859.4
06/12/2023,ORAC,8529.4
06/12/2023,SCCS,4215.3
06/12/2023,SDCI,7339.0
06/12/2023,SLBA,3073.3
06/12/2023,TTLS,7684.6
07/12/2023,CIEI,2920.2
07/12/2023,ORAC,8433.7
07/12/2023,SCCS,4243.4
07/12/2023,SDCI,7453.4
07/12/2023,SLBA,3012.8
07/12/2023,TTLS,7489.0
08/12/2023,CIEI,2921.1
08/12/2023,ORAC,8350.8
08/12/2023,SCCS,4196.5
08/12/2023,SDCI,7314.6
08/12/2023,SLBA,2972.9
08/12/2023,TTLS,7453.7
11/12/2023,CIEI,2928.3
11/12/2023,ORAC,8215.7
11/12/2023,SCCS,4186.9
11/12/2023,SDCI,7191.8
11/12/2023,SLBA,3014.0
11/12/2023,TTLS,7445.2
12/12/2023,CIEI,2942.0
12/12/2023,ORAC,8098.8
12/12/2023,SCCS,4226.6
12/12/2023,SDCI,7426.4
12/12/2023,SLBA,3053.4
12/12/2023,TTLS,7429.0
13/12/2023,CIEI,3018.4
13/12/2023,ORAC,8083.1
13/12/2023,SCCS,4281.0
13/12/2023,SDCI,7546.1
13/12/2023,SLBA,3018.4
13/12/2023,TTLS,7189.4
14/12/2023,CIEI,2951.3
14/12/2023,ORAC,8279.3
14/12/2023,SCCS,4231.4
14/12/2023,SDCI,7584.5
14/12/2023,SLBA,3023.0
14/12/2023,TTLS,7222.2
15/12/2023,CIEI,2950.4
15/12/2023,ORAC,8290.2
15/12/2023,SCCS,4230.2
15/12/2023,SDCI,7712.2
15/12/2023,SLBA,3056.2
15/12/2023,TTLS,7201.7
18/12/2023,CIEI,2921.7
18/12/2023,ORAC,8233.6
18/12/2023,SCCS,4217.2
18/12/2023,SDCI,7823.1
18/12/2023,SLBA,3109.3
18/12/2023,TTLS,7408.8
19/12/2023,CIEI,2926.6
19/12/2023,ORAC,8031.8
19/12/2023,SCCS,4220.8
19/12/2023,SDCI,7721.4
19/12/2023,SLBA,3082.9
19/12/2023,TTLS,7502.9
20/12/2023,CIEI,2962.6
20/12/2023,ORAC,8070.0
20/12/2023,SCCS,4197.2
20/12/2023,SDCI,7770.6
20/12/2023,SLBA,3073.5
20/12/2023,TTLS,7230.8
21/12/2023,CIEI,2964.9
21/12/2023,ORAC,8077.3
21/12/2023,SCCS,4176.7
21/12/2023,SDCI,7905.9
21/12/2023,SLBA,3130.1
21/12/2023,TTLS,7264.3
22/12/2023,CIEI,2997.1
22/12/2023,ORAC,7929.6
22/12/2023,SCCS,4174.4
22/12/2023,SDCI,7895.2
22/12/2023,SLBA,3228.4
22/12/2023,TTLS,7419.0
25/12/2023,CIEI,3004.8
25/12/2023,ORAC,7802.3
25/12/2023,SCCS,4181.6
25/12/2023,SDCI,7906.6
25/12/2023,SLBA,3292.9
25/12/2023,TTLS,7423.5
26/12/2023,CIEI,2971.8
26/12/2023,ORAC,7807.5
26/12/2023,SCCS,4233.7
26/12/2023,SDCI,7866.9
26/12/2023,SLBA,3244.3
26/12/2023,TTLS,7347.2
27/12/2023,CIEI,2941.5
27/12/2023,ORAC,7944.4
27/12/2023,SCCS,4191.1
27/12/2023,SDCI,7940.7
27/12/2023,SLBA,3263.5
27/12/2023,TTLS,7185.4
28/12/2023,CIEI,2879.5
28/12/2023,ORAC,8034.6
28/12/2023,SCCS,4143.5
28/12/2023,SDCI,7892.3
28/12/2023,SLBA,3251.0
28/12/2023,TTLS,7155.0
29/12/2023,CIEI,2888.5
29/12/2023,ORAC,8071.8
29/12/2023,SCCS,4183.7
29/12/2023,SDCI,7841.0
29/12/2023,SLBA,3248.8
29/12/2023,TTLS,7051.8
01/01/2024,CIEI,2870.6
01/01/2024,ORAC,8040.8
01/01/2024,SCCS,4209.8
01/01/2024,SDCI,7729.8
01/01/2024,SLBA,3221.1
01/01/2024,TTLS,7033.7
02/01/2024,CIEI,2906.3
02/01/2024,ORAC,8092.8
02/01/2024,SCCS,4201.2
02/01/2024,SDCI,7647.8
02/01/2024,SLBA,3201.2
02/01/2024,TTLS,7009.5
03/01/2024,CIEI,2948.0
03/01/2024,ORAC,8102.1
03/01/2024,SCCS,4143.6
03/01/2024,SDCI,7672.3
03/01/2024,SLBA,3201.1
03/01/2024,TTLS,7185.4
04/01/2024,CIEI,2907.9
04/01/2024,ORAC,8394.6
04/01/2024,SCCS,4197.1
04/01/2024,SDCI,7720.3
04/01/2024,SLBA,3276.4
04/01/2024,TTLS,7076.1
05/01/2024,CIEI,2859.5
05/01/2024,ORAC,8253.7
05/01/2024,SCCS,4143.6
05/01/2024,SDCI,7688.6
05/01/2024,SLBA,3306.4
05/01/2024,TTLS,7134.4
08/01/2024,CIEI,2885.0
08/01/2024,ORAC,8216.1
08/01/2024,SCCS,4200.9
08/01/2024,SDCI,7595.9
08/01/2024,SLBA,3325.0
08/01/2024,TTLS,7011.5
09/01/2024,CIEI,2846.1
09/01/2024,ORAC,8393.7
09/01/2024,SCCS,4214.4
09/01/2024,SDCI,7631.3
09/01/2024,SLBA,3326.4
09/01/2024,TTLS,7062.2
10/01/2024,CIEI,2854.3
10/01/2024,ORAC,8369.3
10/01/2024,SCCS,4207.7
10/01/2024,SDCI,7668.5
10/01/2024,SLBA,3294.2
10/01/2024,TTLS,7208.2
11/01/2024,CIEI,2879.9
11/01/2024,ORAC,8571.3
11/01/2024,SCCS,4200.0
11/01/2024,SDCI,7790.4
11/01/2024,SLBA,3284.7
11/01/2024,TTLS,7151.7
12/01/2024,CIEI,2862.4
12/01/2024,ORAC,8576.7
12/01/2024,SCCS,4242.2
12/01/2024,SDCI,7748.3
12/01/2024,SLBA,3337.8
12/01/2024,TTLS,7017.1
15/01/2024,CIEI,2938.6
15/01/2024,ORAC,8608.1
15/01/2024,SCCS,4243.6
15/01/2024,SDCI,7714.2
15/01/2024,SLBA,3374.1
15/01/2024,TTLS,7037.7
16/01/2024,CIEI,2903.5
16/01/2024,ORAC,8568.6
16/01/2024,SCCS,4155.7
16/01/2024,SDCI,7766.2
16/01/2024,SLBA,3460.5
16/01/2024,TTLS,7056.9
17/01/2024,CIEI,2921.4
17/01/2024,ORAC,8390.8
17/01/2024,SCCS,4121.6
17/01/2024,SDCI,7913.4
17/01/2024,SLBA,3472.5
17/01/2024,TTLS,6993.0
18/01/2024,CIEI,2902.5
18/01/2024,ORAC,8271.7
18/01/2024,SCCS,4016.0
18/01/2024,SDCI,7913.0
18/01/2024,SLBA,3471.9
18/01/2024,TTLS,7061.6
19/01/2024,CIEI,2775.8
19/01/2024,ORAC,8575.9
19/01/2024,SCCS,4036.1
19/01/2024,SDCI,7909.7
19/01/2024,SLBA,3399.1
19/01/2024,TTLS,7087.0
22/01/2024,CIEI,2767.9
22/01/2024,ORAC,8675.9
22/01/2024,SCCS,4081.9
22/01/2024,SDCI,7824.7
22/01/2024,SLBA,3417.0
22/01/2024,TTLS,7188.7
23/01/2024,CIEI,2760.7
23/01/2024,ORAC,8771.6
23/01/2024,SCCS,4133.4
23/01/2024,SDCI,7793.5
23/01/2024,SLBA,3340.7
23/01/2024,TTLS,7029.0
24/01/2024,CIEI,2784.1
24/01/2024,ORAC,8917.1
24/01/2024,SCCS,4067.3
24/01/2024,SDCI,7886.8
24/01/2024,SLBA,3407.2
24/01/2024,TTLS,7139.8
25/01/2024,CIEI,2777.9
25/01/2024,ORAC,9010.2
25/01/2024,SCCS,4172.0
25/01/2024,SDCI,7972.3
25/01/2024,SLBA,3379.6
25/01/2024,TTLS,7317.2
26/01/2024,CIEI,2746.6
26/01/2024,ORAC,9169.6
26/01/2024,SCCS,4264.3
26/01/2024,SDCI,8084.1
26/01/2024,SLBA,3379.8
26/01/2024,TTLS,7227.1
29/01/2024,CIEI,2724.6
29/01/2024,ORAC,9142.8
29/01/2024,SCCS,4259.4
29/01/2024,SDCI,7928.6
29/01/2024,SLBA,3320.7
29/01/2024,TTLS,7499.1
30/01/2024,CIEI,2711.5
30/01/2024,ORAC,9122.4
30/01/2024,SCCS,4158.4
30/01/2024,SDCI,8013.3
30/01/2024,SLBA,3299.6
30/01/2024,TTLS,7547.4
31/01/2024,CIEI,2741.8
31/01/2024,ORAC,9278.2
31/01/2024,SCCS,4115.6
31/01/2024,SDCI,7928.4
31/01/2024,SLBA,3259.9
31/01/2024,TTLS,7389.7
01/02/2024,CIEI,2729.7
01/02/2024,ORAC,9238.3
01/02/2024,SCCS,4168.2
01/02/2024,SDCI,7989.7
01/02/2024,SLBA,3308.1
01/02/2024,TTLS,7266.2
02/02/2024,CIEI,2779.8
02/02/2024,ORAC,9053.9
02/02/2024,SCCS,4272.8
02/02/2024,SDCI,7765.8
02/02/2024,SLBA,3319.0
02/02/2024,TTLS,7186.4
05/02/2024,CIEI,2815.0
05/02/2024,ORAC,9033.3
05/02/2024,SCCS,4246.0
05/02/2024,SDCI,7761.0
05/02/2024,SLBA,3268.4
05/02/2024,TTLS,7119.7
06/02/2024,CIEI,2782.9
06/02/2024,ORAC,8966.6
06/02/2024,SCCS,4152.6
06/02/2024,SDCI,7682.7
06/02/2024,SLBA,3186.6
06/02/2024,TTLS,7105.8
07/02/2024,CIEI,2825.5
07/02/2024,ORAC,9066.6
07/02/2024,SCCS,4105.1
07/02/2024,SDCI,7805.2
07/02/2024,SLBA,3184.0
07/02/2024,TTLS,7159.9
08/02/2024,CIEI,2728.5
08/02/2024,ORAC,8974.3
08/02/2024,SCCS,4200.5
08/02/2024,SDCI,7821.1
08/02/2024,SLBA,3164.1
08/02/2024,TTLS,7150.3
09/02/2024,CIEI,2729.0
09/02/2024,ORAC,8833.9
09/02/2024,SCCS,4201.2
09/02/2024,SDCI,7948.3
09/02/2024,SLBA,3118.7
09/02/2024,TTLS,7125.9
12/02/2024,CIEI,2688.0
12/02/2024,ORAC,8798.7
12/02/2024,SCCS,4131.1
12/02/2024,SDCI,7910.7
12/02/2024,SLBA,3142.8
12/02/2024,TTLS,7019.9
13/02/2024,CIEI,2683.4
13/02/2024,ORAC,9029.1
13/02/2024,SCCS,4027.8
13/02/2024,SDCI,8103.2
13/02/2024,SLBA,3135.5
13/02/2024,TTLS,6779.8
14/02/2024,CIEI,2729.4
14/02/2024,ORAC,9034.2
14/02/2024,SCCS,4059.4
14/02/2024,SDCI,8064.3
14/02/2024,SLBA,3140.3
14/02/2024,TTLS,6709.4
15/02/2024,CIEI,2728.8
15/02/2024,ORAC,9069.6
15/02/2024,SCCS,4099.6
15/02/2024,SDCI,8253.8
15/02/2024,SLBA,3116.4
15/02/2024,TTLS,6577.7
16/02/2024,CIEI,2721.2
16/02/2024,ORAC,9083.0
16/02/2024,SCCS,4076.8
16/02/2024,SDCI,8209.8
16/02/2024,SLBA,3093.6
16/02/2024,TTLS,6696.2
19/02/2024,CIEI,2773.1
19/02/2024,ORAC,9138.1
19/02/2024,SCCS,4067.8
19/02/2024,SDCI,8117.2
19/02/2024,SLBA,3075.3
19/02/2024,TTLS,6422.5
20/02/2024,CIEI,2740.6
20/02/2024,ORAC,9286.1
20/02/2024,SCCS,4072.4
20/02/2024,SDCI,8209.9
20/02/2024,SLBA,3011.5
20/02/2024,TTLS,6568.2
21/02/2024,CIEI,2705.7
21/02/2024,ORAC,9505.9
21/02/2024,SCCS,4056.5
21/02/2024,SDCI,8175.0
21/02/2024,SLBA,3036.4
21/02/2024,TTLS,6248.1
22/02/2024,CIEI,2744.8
22/02/2024,ORAC,9268.5
22/02/2024,SCCS,4030.5
22/02/2024,SDCI,8173.9
22/02/2024,SLBA,3052.5
22/02/2024,TTLS,6240.3
23/02/2024,CIEI,2769.5
23/02/2024,ORAC,9482.7
23/02/2024,SCCS,4003.4
23/02/2024,SDCI,8045.5
23/02/2024,SLBA,2984.4
23/02/2024,TTLS,6256.0
26/02/2024,CIEI,2709.2
26/02/2024,ORAC,9494.9
26/02/2024,SCCS,3975.6
26/02/2024,SDCI,8016.7
26/02/2024,SLBA,2988.6
26/02/2024,TTLS,6145.9
27/02/2024,CIEI,2714.7
27/02/2024,ORAC,9458.8
27/02/2024,SCCS,4035.3
27/02/2024,SDCI,8032.3
27/02/2024,SLBA,3033.7
27/02/2024,TTLS,6052.8
28/02/2024,CIEI,2746.0
28/02/2024,ORAC,9834.4
28/02/2024,SCCS,4055.5
28/02/2024,SDCI,7968.3
28/02/2024,SLBA,3043.2
28/02/2024,TTLS,6161.1
29/02/2024,CIEI,2738.7
29/02/2024,ORAC,9820.9
29/02/2024,SCCS,4106.2
29/02/2024,SDCI,8010.5
29/02/2024,SLBA,3094.7
29/02/2024,TTLS,6056.1
01/03/2024,CIEI,2721.3
01/03/2024,ORAC,10139.6
01/03/2024,SCCS,4198.0
01/03/2024,SDCI,7792.3
01/03/2024,SLBA,3084.2
01/03/2024,TTLS,6059.7
04/03/2024,CIEI,2726.2
04/03/2024,ORAC,10310.2
04/03/2024,SCCS,4083.4
04/03/2024,SDCI,7881.0
04/03/2024,SLBA,3084.5
04/03/2024,TTLS,6078.3
05/03/2024,CIEI,2734.3
05/03/2024,ORAC,10154.1
05/03/2024,SCCS,4080.9
05/03/2024,SDCI,7846.5
05/03/2024,SLBA,3032.6
05/03/2024,TTLS,6163.2
06/03/2024,CIEI,2704.7
06/03/2024,ORAC,10247.0
06/03/2024,SCCS,4128.8
06/03/2024,SDCI,7990.7
06/03/2024,SLBA,2997.2
06/03/2024,TTLS,6038.1
07/03/2024,CIEI,2738.1
07/03/2024,ORAC,10381.5
07/03/2024,SCCS,4118.9
07/03/2024,SDCI,7961.3
07/03/2024,SLBA,2926.4
07/03/2024,TTLS,6193.8
08/03/2024,CIEI,2672.4
08/03/2024,ORAC,10374.6
08/03/2024,SCCS,4090.1
08/03/2024,SDCI,7902.6
08/03/2024,SLBA,2892.6
08/03/2024,TTLS,6190.8
11/03/2024,CIEI,2668.8
11/03/2024,ORAC,10002.0
11/03/2024,SCCS,4110.4
11/03/2024,SDCI,7864.1
11/03/2024,SLBA,2902.0
11/03/2024,TTLS,6316.9
12/03/2024,CIEI,2754.0
12/03/2024,ORAC,9960.3
12/03/2024,SCCS,4085.0
12/03/2024,SDCI,7894.9
12/03/2024,SLBA,2921.8
12/03/2024,TTLS,6171.7
13/03/2024,CIEI,2709.4
13/03/2024,ORAC,9943.1
13/03/2024,SCCS,4044.4
13/03/2024,SDCI,7956.4
13/03/2024,SLBA,2966.2
13/03/2024,TTLS,6305.9
14/03/2024,CIEI,2707.2
14/03/2024,ORAC,9780.2
14/03/2024,SCCS,4030.2
14/03/2024,SDCI,7916.4
14/03/2024,SLBA,2971.5
14/03/2024,TTLS,6309.7
15/03/2024,CIEI,2613.8
15/03/2024,ORAC,10078.9
15/03/2024,SCCS,4033.6
15/03/2024,SDCI,7844.5
15/03/2024,SLBA,2933.5
15/03/2024,TTLS,6411.8
18/03/2024,CIEI,2580.5
18/03/2024,ORAC,10053.0
18/03/2024,SCCS,4034.9
18/03/2024,SDCI,7890.0
18/03/2024,SLBA,2950.1
18/03/2024,TTLS,6353.1
19/03/2024,CIEI,2535.1
19/03/2024,ORAC,10003.1
19/03/2024,SCCS,4079.3
19/03/2024,SDCI,7973.5
19/03/2024,SLBA,2944.8
19/03/2024,TTLS,6465.5
20/03/2024,CIEI,2536.8
20/03/2024,ORAC,9968.5
20/03/2024,SCCS,4081.1
20/03/2024,SDCI,7809.5
20/03/2024,SLBA,3013.3
20/03/2024,TTLS,6484.0
21/03/2024,CIEI,2517.4
21/03/2024,ORAC,9856.9
21/03/2024,SCCS,4058.5
21/03/2024,SDCI,7714.7
21/03/2024,SLBA,3090.3
21/03/2024,TTLS,6278.8
22/03/2024,CIEI,2586.4
22/03/2024,ORAC,9747.6
22/03/2024,SCCS,4208.0
22/03/2024,SDCI,7656.2
22/03/2024,SLBA,3129.1
22/03/2024,TTLS,6573.4
25/03/2024,CIEI,2549.8
25/03/2024,ORAC,9775.3
25/03/2024,SCCS,4197.2
25/03/2024,SDCI,7819.1
25/03/2024,SLBA,3083.1
25/03/2024,TTLS,6510.0
26/03/2024,CIEI,2548.1
26/03/2024,ORAC,9837.3
26/03/2024,SCCS,4184.4
26/03/2024,SDCI,7940.4
26/03/2024,SLBA,3062.3
26/03/2024,TTLS,6578.9
27/03/2024,CIEI,2555.8
27/03/2024,ORAC,9770.6
27/03/2024,SCCS,4178.0
27/03/2024,SDCI,8021.7
27/03/2024,SLBA,3070.1
27/03/2024,TTLS,6570.9
28/03/2024,CIEI,2579.9
28/03/2024,ORAC,9769.6
28/03/2024,SCCS,4143.6
28/03/2024,SDCI,8074.4
28/03/2024,SLBA,3041.9
28/03/2024,TTLS,6532.5
29/03/2024,CIEI,2614.0
29/03/2024,ORAC,9565.3
29/03/2024,SCCS,4065.8
29/03/2024,SDCI,7969.5
29/03/2024,SLBA,3062.9
29/03/2024,TTLS,6503.6
01/04/2024,CIEI,2551.9
01/04/2024,ORAC,9657.9
01/04/2024,SCCS,4076.1
01/04/2024,SDCI,8082.6
01/04/2024,SLBA,3090.5
01/04/2024,TTLS,6625.2
02/04/2024,CIEI,2635.5
02/04/2024,ORAC,9555.0
02/04/2024,SCCS,4148.4
02/04/2024,SDCI,8043.8
02/04/2024,SLBA,3124.4
02/04/2024,TTLS,6751.0
03/04/2024,CIEI,2622.6
03/04/2024,ORAC,9600.6
03/04/2024,SCCS,4058.4
03/04/2024,SDCI,7970.8
03/04/2024,SLBA,3133.9
03/04/2024,TTLS,6878.3
04/04/2024,CIEI,2593.6
04/04/2024,ORAC,9474.2
04/04/2024,SCCS,4022.2
04/04/2024,SDCI,8162.6
04/04/2024,SLBA,3098.1
04/04/2024,TTLS,6693.0
05/04/2024,CIEI,2528.7
05/04/2024,ORAC,9408.7
05/04/2024,SCCS,4043.6
05/04/2024,SDCI,8023.9
05/04/2024,SLBA,3064.4
05/04/2024,TTLS,6805.6
08/04/2024,CIEI,2511.2
08/04/2024,ORAC,9453.7
08/04/2024,SCCS,4011.2
08/04/2024,SDCI,8163.2
08/04/2024,SLBA,3059.8
08/04/2024,TTLS,6637.8
09/04/2024,CIEI,2443.5
09/04/2024,ORAC,9283.1
09/04/2024,SCCS,4037.4
09/04/2024,SDCI,8187.9
09/04/2024,SLBA,3112.8
09/04/2024,TTLS,6927.5
10/04/2024,CIEI,2449.7
10/04/2024,ORAC,9662.3
10/04/2024,SCCS,4035.9
10/04/2024,SDCI,8101.1
10/04/2024,SLBA,3176.8
10/04/2024,TTLS,6991.0
11/04/2024,CIEI,2427.0
11/04/2024,ORAC,9669.5
11/04/2024,SCCS,3983.2
11/04/2024,SDCI,8123.3
11/04/2024,SLBA,3217.4
11/04/2024,TTLS,7149.0
12/04/2024,CIEI,2438.2
12/04/2024,ORAC,9671.2
12/04/2024,SCCS,3973.6
12/04/2024,SDCI,8044.9
12/04/2024,SLBA,3232.8
12/04/2024,TTLS,7164.7
15/04/2024,CIEI,2408.6
15/04/2024,ORAC,9570.5
15/04/2024,SCCS,3949.6
15/04/2024,SDCI,8067.8
15/04/2024,SLBA,3261.5
15/04/2024,TTLS,7198.8
16/04/2024,CIEI,2410.6
16/04/2024,ORAC,9827.4
16/04/2024,SCCS,3976.1
16/04/2024,SDCI,8009.3
16/04/2024,SLBA,3296.6
16/04/2024,TTLS,7123.5
17/04/2024,CIEI,2490.7
17/04/2024,ORAC,10058.5
17/04/2024,SCCS,3855.5
17/04/2024,SDCI,7898.5
17/04/2024,SLBA,3352.3
17/04/2024,TTLS,7394.3
18/04/2024,CIEI,2534.0
18/04/2024,ORAC,10120.2
18/04/2024,SCCS,3875.3
18/04/2024,SDCI,8158.0
18/04/2024,SLBA,3389.8
18/04/2024,TTLS,7367.4
19/04/2024,CIEI,2539.4
19/04/2024,ORAC,9912.1
19/04/2024,SCCS,3938.1
19/04/2024,SDCI,8112.9
19/04/2024,SLBA,3322.4
19/04/2024,TTLS,7528.5
